LEAGUE,SEASON,TEAM_ID,TEAM_NAME,GP,W,L,W_PCT,PTS,OFF_RATING,DEF_RATING,NET_RATING,PACE,TS_PCT,SRS
WNBA,1997,1611661314,Charlotte Sting,28,15,13,0.536,67.3,91.8,90.2,1.7,87.94,0.505,1.1249904376577788
WNBA,1997,1611661315,Cleveland Rockers,28,15,13,0.536,70.2,92.9,90.6,2.3,89.44,0.515,1.5624867189691376
WNBA,1997,1611661316,Houston Comets,28,18,10,0.643,71.7,97.8,89.2,8.6,87.42,0.523,5.531202985150744
WNBA,1997,1611661320,Los Angeles Sparks,28,14,14,0.5,74.0,94.5,91.9,2.6,92.65,0.511,1.9374835315217303
WNBA,1997,1611661313,New York Liberty,28,17,11,0.607,68.3,89.4,86.3,3.1,90.44,0.482,2.0937322034186434
WNBA,1997,1611661317,Phoenix Mercury,28,16,12,0.571,68.2,90.8,85.9,5.0,90.35,0.472,3.499970250490867
WNBA,1997,1611661318,Sacramento Monarchs,28,10,18,0.357,68.6,91.0,100.0,-9.0,90.01,0.487,-6.562444219670375
WNBA,1997,1611661319,Utah Starzz,28,7,21,0.25,64.6,84.4,98.3,-13.9,91.05,0.45,-9.187421907538525
WNBA,1998,1611661314,Charlotte Sting,30,18,12,0.6,71.4,96.1,91.6,4.5,89.42,0.503,2.3461183549611335
WNBA,1998,1611661315,Cleveland Rockers,30,20,10,0.667,73.1,97.3,93.1,4.1,89.3,0.55,2.3833369823502513
WNBA,1998,1611661321,Detroit Shock,30,17,13,0.567,69.6,93.3,92.5,0.8,89.68,0.484,-0.257340049291266
WNBA,1998,1611661316,Houston Comets,30,27,3,0.9,76.2,104.1,86.7,17.4,86.76,0.542,11.285950874622772
WNBA,1998,1611661320,Los Angeles Sparks,30,12,18,0.4,71.6,93.6,95.5,-1.9,90.96,0.492,-0.4976159604023778
WNBA,1998,1611661313,New York Liberty,30,18,12,0.6,68.6,93.2,89.5,3.7,87.37,0.499,2.686358635070873
WNBA,1998,1611661317,Phoenix Mercury,30,19,11,0.633,73.9,98.5,90.2,8.3,88.83,0.511,5.7681963455418375
WNBA,1998,1611661318,Sacramento Monarchs,29,7,22,0.241,63.3,87.0,95.4,-8.4,87.06,0.463,-4.2915901089620485
WNBA,1998,1611661319,Utah Starzz,30,8,22,0.267,69.7,90.7,99.6,-8.9,91.42,0.497,-5.800655474348423
WNBA,1998,1611661322,Washington Mystics,29,3,26,0.103,65.0,83.8,103.2,-19.4,92.99,0.468,-13.622759599542752
WNBA,1999,1611661314,Charlotte Sting,32,15,17,0.469,65.8,95.8,97.2,-1.4,82.18,0.516,-1.9373381733894348
WNBA,1999,1611661315,Cleveland Rockers,32,7,25,0.219,61.0,88.1,97.3,-9.2,86.01,0.481,-6.52067369222641
WNBA,1999,1611661321,Detroit Shock,32,15,17,0.469,69.7,92.9,95.6,-2.7,88.91,0.485,-2.659560739994049
WNBA,1999,1611661316,Houston Comets,32,26,6,0.813,74.0,104.4,91.4,13.1,84.66,0.541,9.131786048412323
WNBA,1999,1611661320,Los Angeles Sparks,32,20,12,0.625,76.3,101.5,96.1,5.4,89.45,0.523,4.5206727385520935
WNBA,1999,1611661324,Minnesota Lynx,32,15,17,0.469,63.6,93.3,97.1,-3.7,80.71,0.477,-1.2293300032615662
WNBA,1999,1611661313,New York Liberty,32,18,14,0.563,66.4,96.4,92.4,4.0,83.35,0.509,1.3404411673545837
WNBA,1999,1611661323,Orlando Miracle,32,15,17,0.469,68.9,96.1,96.9,-0.8,85.23,0.51,-1.1595600247383118
WNBA,1999,1611661317,Phoenix Mercury,32,15,17,0.469,67.7,96.2,96.0,0.2,85.01,0.491,0.7428931593894958
WNBA,1999,1611661318,Sacramento Monarchs,32,19,13,0.594,74.8,99.0,93.3,5.6,90.67,0.503,4.604006111621857
WNBA,1999,1611661319,Utah Starzz,32,15,17,0.469,74.0,97.2,102.2,-5.1,89.52,0.52,-1.8959969878196716
WNBA,1999,1611661322,Washington Mystics,32,12,20,0.375,65.6,92.0,97.9,-5.9,84.84,0.502,-4.937339603900909
WNBA,2000,1611661314,Charlotte Sting,32,8,24,0.25,68.3,95.5,106.0,-10.5,84.88,0.507,-7.889702732570186
WNBA,2000,1611661315,Cleveland Rockers,32,17,15,0.531,66.4,98.3,94.2,4.1,82.61,0.524,0.7734513939049066
WNBA,2000,1611661321,Detroit Shock,32,14,18,0.438,72.8,96.6,101.1,-4.5,89.95,0.509,-3.817311596350919
WNBA,2000,1611661316,Houston Comets,32,27,5,0.844,77.3,109.1,90.8,18.4,84.21,0.569,12.73190469966812
WNBA,2000,1611661325,Indiana Fever,32,9,23,0.281,69.2,97.2,100.6,-3.4,85.04,0.53,-3.6540180789943406
WNBA,2000,1611661320,Los Angeles Sparks,32,28,4,0.875,75.5,101.1,91.2,9.9,88.71,0.535,8.248259052863432
WNBA,2000,1611661326,Miami Sol,32,13,19,0.406,57.2,84.8,92.5,-7.7,80.1,0.443,-6.428086997030732
WNBA,2000,1611661324,Minnesota Lynx,32,15,17,0.469,68.5,96.4,95.9,0.5,85.11,0.524,1.1758855333155225
WNBA,2000,1611661313,New York Liberty,32,20,12,0.625,67.1,98.0,92.5,5.5,82.05,0.52,2.7346412962015165
WNBA,2000,1611661323,Orlando Miracle,32,16,16,0.5,66.8,97.7,99.4,-1.6,83.32,0.511,-1.7254551270543743
WNBA,2000,1611661317,Phoenix Mercury,32,20,12,0.625,69.8,101.2,94.7,6.5,82.85,0.535,5.268289631257176
WNBA,2000,1611661327,Portland Fire,32,10,22,0.313,67.3,91.2,98.0,-6.8,86.64,0.505,-3.498163600944281
WNBA,2000,1611661318,Sacramento Monarchs,32,21,11,0.656,73.2,102.4,95.4,7.0,85.69,0.514,5.806542572482613
WNBA,2000,1611661328,Seattle Storm,32,6,26,0.188,56.9,83.1,98.1,-15.0,81.66,0.459,-9.124666383786462
WNBA,2000,1611661319,Utah Starzz,32,18,14,0.563,75.4,100.6,101.3,-0.7,89.51,0.538,1.1626955498613825
WNBA,2000,1611661322,Washington Mystics,32,14,18,0.438,68.0,97.8,99.8,-2.0,83.46,0.526,-1.764265212823375
WNBA,2001,1611661314,Charlotte Sting,32,18,14,0.563,64.2,97.1,94.6,2.5,78.26,0.511,1.3994283648498822
WNBA,2001,1611661315,Cleveland Rockers,32,22,10,0.688,62.6,96.5,85.9,10.6,77.68,0.503,6.029773442685837
WNBA,2001,1611661321,Detroit Shock,32,10,22,0.313,65.7,92.3,99.9,-7.6,83.36,0.489,-5.067031117359875
WNBA,2001,1611661316,Houston Comets,32,19,13,0.594,64.0,94.5,91.5,3.0,80.87,0.477,1.422051911795279
WNBA,2001,1611661325,Indiana Fever,32,10,22,0.313,67.2,96.1,99.6,-3.5,83.38,0.517,-2.936858746659709
WNBA,2001,1611661320,Los Angeles Sparks,32,28,4,0.875,76.3,105.3,93.6,11.6,85.84,0.532,8.205850885657128
WNBA,2001,1611661326,Miami Sol,32,20,12,0.625,61.2,91.7,88.7,3.0,78.02,0.481,1.566036082105711
WNBA,2001,1611661324,Minnesota Lynx,32,12,20,0.375,64.8,91.7,94.8,-3.2,84.14,0.487,-2.2216419400647283
WNBA,2001,1611661313,New York Liberty,32,21,11,0.656,67.6,99.0,95.4,3.6,81.84,0.528,2.187235691875685
WNBA,2001,1611661323,Orlando Miracle,32,13,19,0.406,66.9,93.5,96.6,-3.1,85.06,0.493,-1.8562170895456802
WNBA,2001,1611661317,Phoenix Mercury,32,13,19,0.406,64.5,90.1,95.0,-4.9,85.12,0.479,-2.9635810703912284
WNBA,2001,1611661327,Portland Fire,32,11,21,0.344,65.3,90.2,95.3,-5.1,85.06,0.483,-3.172718889953103
WNBA,2001,1611661318,Sacramento Monarchs,32,20,12,0.625,71.7,99.0,92.4,6.6,85.2,0.511,4.765270378702553
WNBA,2001,1611661328,Seattle Storm,32,10,22,0.313,60.0,89.0,95.2,-6.2,78.98,0.46,-3.3593925741151907
WNBA,2001,1611661319,Utah Starzz,32,19,13,0.594,69.0,96.1,96.5,-0.4,84.66,0.514,0.6413773985404987
WNBA,2001,1611661322,Washington Mystics,32,10,22,0.313,60.2,86.4,92.7,-6.3,82.52,0.451,-4.6395827281230595
WNBA,2002,1611661314,Charlotte Sting,32,18,14,0.563,70.0,104.4,99.4,5.0,79.83,0.538,2.756978156219702
WNBA,2002,1611661315,Cleveland Rockers,32,10,22,0.313,64.3,95.1,97.9,-2.7,79.9,0.502,-2.0884957955568098
WNBA,2002,1611661321,Detroit Shock,32,9,23,0.281,66.1,91.2,97.7,-6.5,86.25,0.479,-4.762265309749637
WNBA,2002,1611661316,Houston Comets,32,24,8,0.75,64.8,96.0,87.3,8.6,80.78,0.509,5.37462888401933
WNBA,2002,1611661325,Indiana Fever,32,16,16,0.5,65.5,96.9,98.3,-1.3,80.85,0.504,-1.0141043820185587
WNBA,2002,1611661320,Los Angeles Sparks,32,25,7,0.781,76.6,101.9,93.1,8.8,89.07,0.536,6.444001811585622
WNBA,2002,1611661326,Miami Sol,32,15,17,0.469,63.9,94.2,96.3,-2.1,80.45,0.49,-1.1869201736990362
WNBA,2002,1611661324,Minnesota Lynx,32,10,22,0.313,62.6,91.8,96.2,-4.5,80.97,0.494,-2.7303385518316645
WNBA,2002,1611661313,New York Liberty,32,18,14,0.563,65.3,98.2,94.8,3.4,79.11,0.525,2.110545411356725
WNBA,2002,1611661323,Orlando Miracle,32,16,16,0.5,70.4,99.0,98.6,0.4,83.92,0.513,-0.31665973566123284
WNBA,2002,1611661317,Phoenix Mercury,32,11,21,0.344,65.3,92.4,100.6,-8.2,85.16,0.492,-5.519744676334085
WNBA,2002,1611661327,Portland Fire,32,16,16,0.5,68.6,94.8,97.0,-2.2,85.45,0.499,-0.6111938623071183
WNBA,2002,1611661318,Sacramento Monarchs,32,14,18,0.438,67.7,93.4,98.3,-4.9,84.9,0.485,-3.50825163902482
WNBA,2002,1611661328,Seattle Storm,32,17,15,0.531,68.4,97.4,93.9,3.5,83.48,0.5,2.666738056112081
WNBA,2002,1611661319,Utah Starzz,32,20,12,0.625,75.6,100.3,98.5,1.8,89.12,0.53,2.201085039647296
WNBA,2002,1611661322,Washington Mystics,32,17,15,0.531,66.3,96.6,95.6,1.0,82.27,0.503,0.18399676724220626
WNBA,2003,1611661314,Charlotte Sting,34,18,16,0.529,65.2,99.6,98.8,0.8,77.94,0.518,0.6018276847028384
WNBA,2003,1611661315,Cleveland Rockers,34,17,17,0.5,65.6,96.5,95.3,1.2,81.35,0.494,0.4661094016447971
WNBA,2003,1611661323,Connecticut Sun,34,18,16,0.529,70.1,97.9,98.5,-0.6,85.2,0.5,-0.5043049831623475
WNBA,2003,1611661321,Detroit Shock,34,25,9,0.735,75.1,99.4,93.6,5.8,89.2,0.534,4.00918105480092
WNBA,2003,1611661316,Houston Comets,34,20,14,0.588,66.0,97.4,93.3,4.1,80.84,0.515,2.643926512442077
WNBA,2003,1611661325,Indiana Fever,34,16,18,0.471,68.7,100.8,99.7,1.1,81.09,0.518,0.6138816132177605
WNBA,2003,1611661320,Los Angeles Sparks,34,24,10,0.706,73.5,99.0,96.9,2.2,87.53,0.512,1.6101509532453335
WNBA,2003,1611661324,Minnesota Lynx,34,18,16,0.529,70.0,99.5,98.3,1.1,84.14,0.529,0.24309097715577735
WNBA,2003,1611661313,New York Liberty,34,16,18,0.471,65.9,97.4,97.7,-0.4,80.78,0.519,-0.3014869708917248
WNBA,2003,1611661317,Phoenix Mercury,34,8,26,0.235,61.7,87.6,94.5,-6.9,83.12,0.448,-4.477921603766312
WNBA,2003,1611661318,Sacramento Monarchs,34,19,15,0.559,67.6,95.1,92.0,3.2,84.87,0.482,2.040128758927629
WNBA,2003,1611661319,San Antonio Silver Stars,34,12,22,0.353,65.1,89.1,98.0,-8.9,87.23,0.463,-5.609521459964547
WNBA,2003,1611661328,Seattle Storm,34,18,16,0.529,70.2,100.9,96.5,4.4,82.72,0.52,3.1023392083571046
WNBA,2003,1611661322,Washington Mystics,34,9,25,0.265,68.5,96.2,103.1,-6.9,84.58,0.483,-4.437401146709306
WNBA,2004,1611661314,Charlotte Sting,34,16,18,0.471,61.5,95.7,99.1,-3.4,76.07,0.522,-2.426893134930034
WNBA,2004,1611661323,Connecticut Sun,34,18,16,0.529,68.7,97.6,96.2,1.4,83.27,0.505,0.3888888727775361
WNBA,2004,1611661321,Detroit Shock,34,17,17,0.5,69.5,94.9,96.0,-1.1,87.1,0.484,-0.8216342333397371
WNBA,2004,1611661316,Houston Comets,34,13,21,0.382,64.0,93.4,94.9,-1.5,81.67,0.494,-0.6276707070210759
WNBA,2004,1611661325,Indiana Fever,34,15,19,0.441,64.6,95.9,97.4,-1.5,80.5,0.485,-1.6637372636821879
WNBA,2004,1611661320,Los Angeles Sparks,34,25,9,0.735,73.4,97.7,92.8,4.9,87.74,0.523,3.982111194327399
WNBA,2004,1611661324,Minnesota Lynx,34,18,16,0.529,63.6,90.2,91.9,-1.7,83.81,0.496,-0.4701388418351075
WNBA,2004,1611661313,New York Liberty,34,18,16,0.529,66.2,95.5,97.7,-2.2,81.88,0.52,-1.6111058242857843
WNBA,2004,1611661317,Phoenix Mercury,34,17,17,0.5,67.6,98.4,95.2,3.2,82.36,0.526,2.092015998612992
WNBA,2004,1611661318,Sacramento Monarchs,34,18,16,0.529,68.0,97.9,94.8,3.1,82.17,0.494,2.354035680074079
WNBA,2004,1611661319,San Antonio Silver Stars,34,9,25,0.265,64.4,92.4,99.8,-7.4,82.75,0.494,-4.322006598924689
WNBA,2004,1611661328,Seattle Storm,34,20,14,0.588,71.7,101.2,94.2,6.9,84.61,0.525,5.105660758287217
WNBA,2004,1611661322,Washington Mystics,34,17,17,0.5,68.4,96.7,98.1,-1.4,84.7,0.489,-1.9795259000606067
WNBA,2005,1611661314,Charlotte Sting,34,6,28,0.176,61.6,90.0,99.9,-9.9,80.82,0.479,-6.364329895856537
WNBA,2005,1611661323,Connecticut Sun,34,26,8,0.765,72.8,101.9,93.5,8.4,85.22,0.531,6.004058362298209
WNBA,2005,1611661321,Detroit Shock,34,16,18,0.471,66.1,90.5,92.0,-1.5,86.11,0.468,-1.1011859562162207
WNBA,2005,1611661316,Houston Comets,34,19,15,0.559,67.9,99.5,97.8,1.7,80.88,0.519,1.1448945799751
WNBA,2005,1611661325,Indiana Fever,34,21,13,0.618,63.8,94.1,92.0,2.1,80.11,0.489,0.9251244605453014
WNBA,2005,1611661320,Los Angeles Sparks,34,17,17,0.5,68.4,96.0,96.8,-0.7,85.5,0.501,-0.27882559988746153
WNBA,2005,1611661324,Minnesota Lynx,34,14,20,0.412,65.0,93.0,96.6,-3.6,83.14,0.5,-1.8305333786668827
WNBA,2005,1611661313,New York Liberty,34,18,16,0.529,68.1,101.2,99.3,1.9,79.54,0.551,0.7672301423560924
WNBA,2005,1611661317,Phoenix Mercury,34,16,18,0.471,69.4,97.6,97.6,0.0,85.29,0.514,0.18020000856859292
WNBA,2005,1611661318,Sacramento Monarchs,34,25,9,0.735,68.5,97.4,87.7,9.6,84.32,0.506,6.16899726741848
WNBA,2005,1611661319,San Antonio Silver Stars,34,7,27,0.206,63.0,91.5,102.0,-10.4,82.84,0.505,-6.737971843032329
WNBA,2005,1611661328,Seattle Storm,34,20,14,0.588,73.5,100.4,96.9,3.5,87.4,0.527,2.2761592481102797
WNBA,2005,1611661322,Washington Mystics,34,16,18,0.471,66.6,96.8,98.3,-1.5,81.43,0.512,-1.1538173956126239
WNBA,2006,1611661314,Charlotte Sting,34,11,23,0.324,72.2,90.8,95.2,-4.4,95.03,0.487,-3.0141314750099726
WNBA,2006,1611661329,Chicago Sky,34,5,29,0.147,68.3,89.9,104.2,-14.3,91.08,0.472,-9.833681296907946
WNBA,2006,1611661323,Connecticut Sun,34,26,8,0.765,78.9,100.6,90.8,9.8,93.02,0.534,6.7584661028053405
WNBA,2006,1611661321,Detroit Shock,34,23,11,0.676,74.3,96.2,90.8,5.4,92.36,0.496,3.534704309778462
WNBA,2006,1611661316,Houston Comets,34,18,16,0.529,73.7,95.3,93.0,2.3,91.23,0.523,1.662901951466198
WNBA,2006,1611661325,Indiana Fever,34,21,13,0.618,71.6,94.6,90.2,4.4,90.1,0.499,2.903127037021623
WNBA,2006,1611661320,Los Angeles Sparks,34,25,9,0.735,75.7,97.5,94.0,3.5,92.21,0.512,2.828595578665151
WNBA,2006,1611661324,Minnesota Lynx,34,10,24,0.294,74.2,95.2,102.9,-7.7,93.31,0.502,-5.5985429717984445
WNBA,2006,1611661313,New York Liberty,33,11,22,0.333,69.2,91.7,102.9,-11.2,89.86,0.504,-7.6357509156680194
WNBA,2006,1611661317,Phoenix Mercury,33,17,16,0.515,86.8,106.3,103.3,3.0,97.02,0.542,2.4673446169123334
WNBA,2006,1611661318,Sacramento Monarchs,34,21,13,0.618,74.6,97.8,92.9,5.0,90.43,0.504,3.841245943848985
WNBA,2006,1611661319,San Antonio Silver Stars,34,13,21,0.382,74.2,96.3,99.0,-2.8,92.51,0.495,-2.094193423123928
WNBA,2006,1611661328,Seattle Storm,34,18,16,0.529,77.7,100.6,98.2,2.5,92.61,0.542,2.178202951227193
WNBA,2006,1611661322,Washington Mystics,34,18,16,0.529,80.8,102.3,98.6,3.7,94.21,0.546,2.001711590783024
WNBA,2007,1611661329,Chicago Sky,34,14,20,0.412,71.5,94.7,98.8,-4.0,91.73,0.489,-2.0183355475129163
WNBA,2007,1611661323,Connecticut Sun,34,18,16,0.529,77.1,97.7,94.2,3.5,94.98,0.515,2.610323992616555
WNBA,2007,1611661321,Detroit Shock,34,24,10,0.706,79.0,98.3,92.3,6.0,96.3,0.518,4.37638433915007
WNBA,2007,1611661316,Houston Comets,34,13,21,0.382,72.6,94.3,98.0,-3.7,94.38,0.507,-3.2920443557607717
WNBA,2007,1611661325,Indiana Fever,34,21,13,0.618,72.9,93.8,89.6,4.2,92.3,0.509,3.1395455133345953
WNBA,2007,1611661320,Los Angeles Sparks,34,10,24,0.294,74.2,92.5,98.7,-6.2,95.37,0.49,-4.951607699474051
WNBA,2007,1611661324,Minnesota Lynx,34,10,24,0.294,77.5,96.9,101.1,-4.2,94.97,0.497,-3.232876385334669
WNBA,2007,1611661313,New York Liberty,34,16,18,0.471,71.0,91.4,94.7,-3.3,92.53,0.515,-2.27856213662201
WNBA,2007,1611661317,Phoenix Mercury,34,23,11,0.676,89.0,104.4,100.0,4.4,101.66,0.55,3.0186563316717536
WNBA,2007,1611661318,Sacramento Monarchs,34,19,15,0.559,71.6,95.8,94.9,0.8,91.24,0.497,1.027625550594545
WNBA,2007,1611661319,San Antonio Silver Stars,34,20,14,0.588,74.0,96.7,95.6,1.1,90.75,0.518,0.8389970931782248
WNBA,2007,1611661328,Seattle Storm,34,17,17,0.5,80.4,102.4,99.1,3.3,93.94,0.541,1.9381258213291417
WNBA,2007,1611661322,Washington Mystics,34,16,18,0.471,76.0,94.9,97.1,-2.2,94.66,0.509,-1.1762325171704655
WNBA,2008,1611661330,Atlanta Dream,34,4,30,0.118,74.5,91.7,104.5,-12.7,97.02,0.492,-9.621855857641464
WNBA,2008,1611661329,Chicago Sky,34,12,22,0.353,72.6,95.7,96.5,-0.8,90.47,0.505,-1.447598309428965
WNBA,2008,1611661323,Connecticut Sun,34,21,13,0.618,79.1,101.0,95.3,5.7,93.39,0.516,3.5592942925662894
WNBA,2008,1611661321,Detroit Shock,34,22,12,0.647,78.6,99.7,94.2,5.5,93.54,0.509,3.646681071502064
WNBA,2008,1611661316,Houston Comets,34,17,17,0.5,75.3,95.8,97.4,-1.6,92.69,0.506,-0.9276706715473295
WNBA,2008,1611661325,Indiana Fever,34,17,17,0.5,72.7,93.1,92.9,0.3,91.53,0.501,-0.06311251249038335
WNBA,2008,1611661320,Los Angeles Sparks,34,20,14,0.588,76.4,95.2,92.8,2.4,93.38,0.507,2.3984107894989344
WNBA,2008,1611661324,Minnesota Lynx,34,16,18,0.471,81.4,99.9,98.3,1.5,96.31,0.516,1.5782318206423356
WNBA,2008,1611661313,New York Liberty,34,19,15,0.559,75.7,97.2,96.0,1.2,92.0,0.524,0.7861068484931105
WNBA,2008,1611661317,Phoenix Mercury,34,16,18,0.471,88.5,104.7,104.2,0.4,101.33,0.533,0.4190746726865904
WNBA,2008,1611661318,Sacramento Monarchs,34,18,16,0.529,74.9,95.9,96.8,-0.8,93.71,0.505,-0.4005506901658158
WNBA,2008,1611661319,San Antonio Silver Stars,34,24,10,0.706,74.9,96.7,92.1,4.5,92.14,0.534,3.823654103925089
WNBA,2008,1611661328,Seattle Storm,34,22,12,0.647,73.3,96.6,93.1,3.6,91.15,0.512,2.60856305708541
WNBA,2008,1611661322,Washington Mystics,34,10,24,0.294,69.6,89.7,98.4,-8.8,92.89,0.489,-6.359228615125866
WNBA,2009,1611661330,Atlanta Dream,34,18,16,0.529,84.1,99.5,96.6,2.9,99.64,0.518,1.7001188418268864
WNBA,2009,1611661329,Chicago Sky,34,16,18,0.471,75.7,98.3,102.9,-4.6,92.06,0.527,-3.199862671315491
WNBA,2009,1611661323,Connecticut Sun,34,16,18,0.471,78.0,96.7,96.5,0.2,94.5,0.494,0.0346777567460501
WNBA,2009,1611661321,Detroit Shock,34,18,16,0.529,78.0,97.3,97.2,0.1,93.68,0.511,0.25241176289590317
WNBA,2009,1611661325,Indiana Fever,34,22,12,0.647,75.7,96.5,93.3,3.2,93.05,0.511,2.734556037139096
WNBA,2009,1611661320,Los Angeles Sparks,34,18,16,0.529,74.5,96.8,95.6,1.2,90.59,0.505,0.7117492053277621
WNBA,2009,1611661324,Minnesota Lynx,34,14,20,0.412,80.3,100.3,103.5,-3.2,95.2,0.526,-2.5299788149409026
WNBA,2009,1611661313,New York Liberty,34,13,21,0.382,73.9,95.4,96.2,-0.7,91.62,0.518,-0.47459403013347407
WNBA,2009,1611661317,Phoenix Mercury,34,23,11,0.676,92.3,108.8,104.2,4.7,100.96,0.568,3.2857952383616476
WNBA,2009,1611661318,Sacramento Monarchs,34,12,22,0.353,76.8,98.0,101.2,-3.2,93.25,0.518,-2.108927299769677
WNBA,2009,1611661319,San Antonio Silver Stars,34,15,19,0.441,76.9,99.4,101.2,-1.8,90.82,0.53,-1.2141928300308231
WNBA,2009,1611661328,Seattle Storm,34,20,14,0.588,74.8,97.4,95.0,2.5,89.13,0.524,1.7857992155641582
WNBA,2009,1611661322,Washington Mystics,34,16,18,0.471,76.0,94.7,96.4,-1.7,95.13,0.503,-0.9775524116711352
WNBA,2010,1611661330,Atlanta Dream,34,19,15,0.559,85.4,100.2,97.6,2.7,101.47,0.515,3.196399137442697
WNBA,2010,1611661329,Chicago Sky,34,14,20,0.412,76.1,99.0,100.2,-1.1,91.06,0.523,0.5810150941479582
WNBA,2010,1611661323,Connecticut Sun,34,17,17,0.5,81.0,100.5,98.9,1.7,95.39,0.52,2.277596077494099
WNBA,2010,1611661325,Indiana Fever,34,21,13,0.618,78.3,100.5,94.9,5.7,92.53,0.54,4.888706459574586
WNBA,2010,1611661320,Los Angeles Sparks,34,13,21,0.382,77.9,99.2,103.2,-4.0,94.0,0.535,-3.8666261925287118
WNBA,2010,1611661324,Minnesota Lynx,34,13,21,0.382,78.7,96.4,100.5,-4.1,96.23,0.489,-4.504804286058137
WNBA,2010,1611661313,New York Liberty,34,22,12,0.647,79.2,103.0,98.7,4.3,91.32,0.548,4.098108499787497
WNBA,2010,1611661317,Phoenix Mercury,34,15,19,0.441,93.9,108.4,108.3,0.1,101.7,0.578,-0.8666268487494526
WNBA,2010,1611661319,San Antonio Silver Stars,34,14,20,0.412,76.8,99.7,104.1,-4.4,92.35,0.548,-4.376599185896631
WNBA,2010,1611661328,Seattle Storm,34,28,6,0.824,81.8,105.5,95.5,10.0,91.57,0.549,5.928243459810408
WNBA,2010,1611661321,Tulsa Shock,34,6,28,0.176,78.0,93.2,107.2,-14.0,100.06,0.505,-11.812494995264025
WNBA,2010,1611661322,Washington Mystics,34,22,12,0.647,76.9,100.0,95.8,4.3,91.36,0.541,4.457082780239714
WNBA,2011,1611661330,Atlanta Dream,34,20,14,0.588,82.5,99.4,97.3,2.1,98.5,0.503,1.4716546122264047
WNBA,2011,1611661329,Chicago Sky,34,14,20,0.412,74.2,95.4,96.2,-0.8,92.92,0.521,-0.6336903296866745
WNBA,2011,1611661323,Connecticut Sun,34,21,13,0.618,80.1,99.9,95.6,4.3,94.61,0.509,3.1169128324290925
WNBA,2011,1611661325,Indiana Fever,34,21,13,0.618,77.7,102.0,96.9,5.0,91.09,0.546,3.4952168127259355
WNBA,2011,1611661320,Los Angeles Sparks,34,15,19,0.441,77.1,99.5,103.8,-4.3,91.62,0.539,-3.060450802934221
WNBA,2011,1611661324,Minnesota Lynx,34,27,7,0.794,81.5,105.5,95.4,10.2,92.66,0.533,6.9521449248170795
WNBA,2011,1611661313,New York Liberty,34,19,15,0.559,76.0,98.5,96.9,1.6,91.92,0.511,1.221555950831315
WNBA,2011,1611661317,Phoenix Mercury,34,19,15,0.559,89.0,107.3,103.7,3.5,98.41,0.572,2.823119764875446
WNBA,2011,1611661319,San Antonio Silver Stars,34,18,16,0.529,77.6,98.7,96.1,2.6,93.65,0.521,1.9077859048457275
WNBA,2011,1611661328,Seattle Storm,34,21,13,0.618,71.6,97.2,94.8,2.4,88.43,0.535,1.2541784569224599
WNBA,2011,1611661321,Tulsa Shock,34,3,31,0.088,69.2,89.5,106.2,-16.7,92.41,0.488,-11.668103797069172
WNBA,2011,1611661322,Washington Mystics,34,6,28,0.176,70.8,93.2,103.6,-10.5,90.22,0.491,-6.8803243299833925
WNBA,2012,1611661330,Atlanta Dream,34,19,15,0.559,78.6,97.0,93.3,3.7,95.57,0.509,2.5862298902027927
WNBA,2012,1611661329,Chicago Sky,34,14,20,0.412,75.2,96.7,97.1,-0.4,91.3,0.515,-0.080440742953687
WNBA,2012,1611661323,Connecticut Sun,34,25,9,0.735,81.6,102.6,97.1,5.4,94.16,0.525,3.349772314420782
WNBA,2012,1611661325,Indiana Fever,34,22,12,0.647,78.3,103.1,95.5,7.6,90.34,0.53,5.355464778480678
WNBA,2012,1611661320,Los Angeles Sparks,34,24,10,0.706,84.0,104.2,97.0,7.2,96.4,0.546,4.9422705389186525
WNBA,2012,1611661324,Minnesota Lynx,34,27,7,0.794,86.0,108.6,96.5,12.2,93.84,0.559,8.814064239767164
WNBA,2012,1611661313,New York Liberty,34,15,19,0.441,73.1,95.2,100.5,-5.3,92.14,0.501,-3.9322897991988373
WNBA,2012,1611661317,Phoenix Mercury,34,7,27,0.206,74.5,91.6,106.8,-15.2,96.82,0.472,-10.75006049465602
WNBA,2012,1611661319,San Antonio Silver Stars,34,21,13,0.618,82.1,105.6,98.9,6.7,92.64,0.541,4.737135098691391
WNBA,2012,1611661328,Seattle Storm,34,16,18,0.471,71.2,94.6,94.8,-0.1,90.18,0.534,-0.44235285495500914
WNBA,2012,1611661321,Tulsa Shock,34,9,25,0.265,77.2,96.4,104.9,-8.5,95.16,0.505,-5.801342115032776
WNBA,2012,1611661322,Washington Mystics,34,5,29,0.147,68.6,90.3,103.5,-13.1,90.58,0.486,-8.778450853685133
WNBA,2013,1611661330,Atlanta Dream,34,17,17,0.5,76.9,95.5,93.6,1.9,95.91,0.492,0.788907175216306
WNBA,2013,1611661329,Chicago Sky,34,24,10,0.706,79.4,102.3,95.1,7.2,92.69,0.514,4.650310904566354
WNBA,2013,1611661323,Connecticut Sun,34,10,24,0.294,71.0,91.0,98.8,-7.8,93.13,0.468,-5.601747705093988
WNBA,2013,1611661325,Indiana Fever,34,16,18,0.471,70.8,95.5,95.8,-0.2,87.67,0.486,-0.4134451105358645
WNBA,2013,1611661320,Los Angeles Sparks,34,24,10,0.706,81.9,102.8,94.0,8.7,94.64,0.543,6.834791095194615
WNBA,2013,1611661324,Minnesota Lynx,34,26,8,0.765,82.9,106.6,94.7,11.8,92.89,0.541,8.94963834597854
WNBA,2013,1611661313,New York Liberty,34,11,23,0.324,69.6,89.4,98.5,-9.0,92.6,0.472,-6.8685567318140945
WNBA,2013,1611661317,Phoenix Mercury,34,19,15,0.559,79.7,99.7,100.5,-0.7,95.53,0.544,0.010117465480460008
WNBA,2013,1611661319,San Antonio Silver Stars,34,12,22,0.353,72.1,93.9,101.3,-7.4,91.85,0.481,-4.806429615892248
WNBA,2013,1611661328,Seattle Storm,34,17,17,0.5,70.9,95.9,98.9,-3.0,88.46,0.524,-1.8956283657274235
WNBA,2013,1611661321,Tulsa Shock,34,11,23,0.324,77.0,98.3,100.7,-2.5,92.13,0.51,-1.468940660305798
WNBA,2013,1611661322,Washington Mystics,34,17,17,0.5,75.5,96.2,95.7,0.6,93.29,0.501,-0.17901679706685814
WNBA,2014,1611661330,Atlanta Dream,34,19,15,0.559,80.6,97.6,95.5,2.1,96.43,0.506,1.3487136947621436
WNBA,2014,1611661329,Chicago Sky,34,15,19,0.441,76.2,97.3,99.8,-2.6,92.98,0.512,-2.215394170706614
WNBA,2014,1611661323,Connecticut Sun,34,13,21,0.382,75.7,97.1,99.4,-2.4,92.53,0.486,-2.1206630488273217
WNBA,2014,1611661325,Indiana Fever,34,16,18,0.471,74.1,98.0,99.1,-1.1,89.57,0.509,-1.2923158746139862
WNBA,2014,1611661320,Los Angeles Sparks,34,16,18,0.471,77.4,97.2,97.7,-0.5,93.71,0.519,0.35926426622189844
WNBA,2014,1611661324,Minnesota Lynx,34,25,9,0.735,81.6,104.4,98.9,5.6,92.72,0.541,4.3357678462369496
WNBA,2014,1611661313,New York Liberty,34,15,19,0.441,72.1,93.2,97.1,-3.9,91.88,0.491,-3.197587727602054
WNBA,2014,1611661317,Phoenix Mercury,34,29,5,0.853,83.5,106.4,94.1,12.3,92.77,0.574,8.7438921223966
WNBA,2014,1611661319,San Antonio Stars,34,16,18,0.471,77.8,101.1,103.1,-2.0,91.1,0.522,-1.100137675197416
WNBA,2014,1611661328,Seattle Storm,34,12,22,0.353,70.9,95.4,101.5,-6.0,88.13,0.527,-3.3330489181486134
WNBA,2014,1611661321,Tulsa Shock,34,12,22,0.353,81.2,103.1,106.1,-3.0,92.79,0.516,-1.3821893767812738
WNBA,2014,1611661322,Washington Mystics,34,16,18,0.471,74.3,96.6,95.9,0.8,90.0,0.51,-0.1463011377403129
WNBA,2015,1611661330,Atlanta Dream,34,15,19,0.441,77.8,97.7,100.6,-2.8,94.67,0.501,-1.0923166717032786
WNBA,2015,1611661329,Chicago Sky,34,21,13,0.618,82.9,104.4,99.4,5.0,94.18,0.525,4.28260135707843
WNBA,2015,1611661323,Connecticut Sun,34,15,19,0.441,75.0,98.2,100.2,-2.0,89.72,0.503,-0.7672646505890024
WNBA,2015,1611661325,Indiana Fever,34,20,14,0.588,77.7,99.8,97.4,2.4,92.72,0.521,2.4503029628185637
WNBA,2015,1611661320,Los Angeles Sparks,34,14,20,0.412,73.6,98.9,100.0,-1.1,88.71,0.531,-1.6629132623783611
WNBA,2015,1611661324,Minnesota Lynx,34,22,12,0.647,75.5,99.6,94.2,5.3,90.81,0.517,2.646545583305281
WNBA,2015,1611661313,New York Liberty,34,23,11,0.676,74.4,96.6,92.4,4.3,91.67,0.505,3.605574389996018
WNBA,2015,1611661317,Phoenix Mercury,34,20,14,0.588,75.1,98.5,94.8,3.7,89.85,0.526,2.025924167599114
WNBA,2015,1611661319,San Antonio Stars,34,8,26,0.235,68.1,89.0,100.2,-11.2,91.48,0.469,-8.52948247053462
WNBA,2015,1611661328,Seattle Storm,34,10,24,0.294,70.4,92.3,99.9,-7.6,91.45,0.519,-5.803597487465707
WNBA,2015,1611661321,Tulsa Shock,34,18,16,0.529,77.7,101.5,100.5,1.0,91.29,0.5,-0.007652093400327565
WNBA,2015,1611661322,Washington Mystics,34,18,16,0.529,73.6,98.1,95.1,2.9,89.27,0.514,2.8522781752738915
WNBA,2016,1611661330,Atlanta Dream,34,17,17,0.5,81.8,100.8,103.3,-2.5,95.36,0.508,-2.0628644500198012
WNBA,2016,1611661329,Chicago Sky,34,18,16,0.529,86.2,107.1,106.2,0.8,95.42,0.537,0.5314302881951372
WNBA,2016,1611661323,Connecticut Sun,34,14,20,0.412,83.0,102.1,103.7,-1.6,95.34,0.515,-1.3260242984701565
WNBA,2016,1611661321,Dallas Wings,34,11,23,0.324,82.6,101.8,108.5,-6.6,95.41,0.511,-5.106716898458167
WNBA,2016,1611661325,Indiana Fever,34,17,17,0.5,80.5,102.8,103.4,-0.6,93.2,0.542,-0.33186995757526355
WNBA,2016,1611661320,Los Angeles Sparks,34,26,8,0.765,83.0,106.7,97.6,9.1,92.6,0.574,6.314309365620042
WNBA,2016,1611661324,Minnesota Lynx,34,28,6,0.824,85.8,107.4,96.6,10.8,94.35,0.551,8.129376046527302
WNBA,2016,1611661313,New York Liberty,34,21,13,0.618,81.6,100.6,99.7,0.9,94.92,0.517,0.7207588303527998
WNBA,2016,1611661317,Phoenix Mercury,34,16,18,0.471,84.6,105.0,103.8,1.2,95.1,0.563,1.0511615109210048
WNBA,2016,1611661319,San Antonio Stars,34,7,27,0.206,72.0,93.6,104.0,-10.5,91.44,0.49,-7.369864877444783
WNBA,2016,1611661328,Seattle Storm,34,16,18,0.471,80.8,103.9,103.1,0.7,93.01,0.565,0.7872902507290616
WNBA,2016,1611661322,Washington Mystics,34,13,21,0.382,80.7,103.1,104.8,-1.7,92.05,0.531,-1.3369858103771757
WNBA,2017,1611661330,Atlanta Dream,34,12,22,0.353,78.9,97.0,101.5,-4.4,95.71,0.491,-3.589182717613361
WNBA,2017,1611661329,Chicago Sky,34,12,22,0.353,82.1,99.5,105.7,-6.1,97.25,0.539,-4.799705823730634
WNBA,2017,1611661323,Connecticut Sun,34,21,13,0.618,86.0,105.6,100.3,5.3,97.68,0.531,4.134501241612194
WNBA,2017,1611661321,Dallas Wings,34,16,18,0.471,86.1,104.2,107.6,-3.4,97.72,0.521,-2.2273262792122943
WNBA,2017,1611661325,Indiana Fever,34,9,25,0.265,75.1,97.0,108.1,-11.1,92.55,0.513,-8.447356463279295
WNBA,2017,1611661320,Los Angeles Sparks,34,26,8,0.765,83.5,106.7,96.1,10.6,92.67,0.564,7.588437168216898
WNBA,2017,1611661324,Minnesota Lynx,34,27,7,0.794,85.4,108.5,94.4,14.1,94.41,0.563,10.22367080545684
WNBA,2017,1611661313,New York Liberty,34,22,12,0.647,79.7,101.8,97.9,3.8,93.57,0.512,2.9766095748913237
WNBA,2017,1611661317,Phoenix Mercury,34,18,16,0.529,81.9,102.3,102.6,-0.3,94.88,0.545,0.27632875953663777
WNBA,2017,1611661319,San Antonio Stars,34,8,26,0.235,74.4,95.7,104.5,-8.8,92.69,0.508,-6.410079314532462
WNBA,2017,1611661328,Seattle Storm,34,15,19,0.441,82.6,105.0,105.0,0.0,93.38,0.574,-0.17325374605868582
WNBA,2017,1611661322,Washington Mystics,34,18,16,0.529,81.7,104.2,103.5,0.6,93.34,0.526,0.4473567947128392
WNBA,2018,1611661330,Atlanta Dream,34,23,11,0.676,81.8,100.4,97.5,2.9,97.82,0.514,1.8786413619366558
WNBA,2018,1611661329,Chicago Sky,34,13,21,0.382,83.8,101.8,109.9,-8.1,97.15,0.547,-5.992690771800589
WNBA,2018,1611661323,Connecticut Sun,34,21,13,0.618,87.6,108.6,101.4,7.2,96.78,0.55,5.539470089137808
WNBA,2018,1611661321,Dallas Wings,34,15,19,0.441,86.6,106.2,105.0,1.3,97.73,0.544,1.3779312345000447
WNBA,2018,1611661325,Indiana Fever,34,6,28,0.176,76.4,95.7,107.2,-11.5,94.43,0.489,-8.48975219915477
WNBA,2018,1611661319,Las Vegas Aces,33,14,19,0.424,84.4,102.0,105.2,-3.2,98.88,0.521,-2.2361051458827523
WNBA,2018,1611661320,Los Angeles Sparks,34,19,15,0.559,78.9,101.1,98.9,2.2,93.22,0.537,1.7748522852487756
WNBA,2018,1611661324,Minnesota Lynx,34,18,16,0.529,78.9,100.8,99.8,1.1,94.04,0.529,0.6695920579243084
WNBA,2018,1611661313,New York Liberty,34,7,27,0.206,77.7,97.5,105.9,-8.4,95.16,0.517,-6.729530923350235
WNBA,2018,1611661317,Phoenix Mercury,34,20,14,0.588,85.8,107.3,103.7,3.5,96.11,0.576,2.263882922509719
WNBA,2018,1611661328,Seattle Storm,34,26,8,0.765,87.2,108.5,99.3,9.2,95.7,0.572,6.983179530216981
WNBA,2018,1611661322,Washington Mystics,33,21,12,0.636,84.5,107.6,103.5,4.2,94.29,0.558,2.960529558714053
WNBA,2019,1611661330,Atlanta Dream,34,8,26,0.235,71.2,89.8,99.5,-9.7,94.77,0.462,-6.960513732762401
WNBA,2019,1611661329,Chicago Sky,34,20,14,0.588,84.6,101.6,100.1,1.4,99.5,0.543,1.4883165326218226
WNBA,2019,1611661323,Connecticut Sun,34,23,11,0.676,80.8,100.3,96.8,3.5,96.32,0.509,2.460513919193768
WNBA,2019,1611661321,Dallas Wings,34,10,24,0.294,71.6,94.0,101.6,-7.5,91.38,0.484,-5.355988469675632
WNBA,2019,1611661325,Indiana Fever,34,13,21,0.382,77.6,98.6,101.9,-3.4,93.79,0.508,-2.6703269185890264
WNBA,2019,1611661319,Las Vegas Aces,34,21,13,0.618,82.2,99.1,95.0,4.1,98.8,0.516,3.2076015194405034
WNBA,2019,1611661320,Los Angeles Sparks,34,22,12,0.647,80.1,99.3,96.0,3.3,96.26,0.522,2.681287125476472
WNBA,2019,1611661324,Minnesota Lynx,34,18,16,0.529,78.4,98.8,95.8,3.0,95.12,0.531,2.2646165610132485
WNBA,2019,1611661313,New York Liberty,34,10,24,0.294,77.4,95.4,103.8,-8.5,97.68,0.504,-6.801894911206676
WNBA,2019,1611661317,Phoenix Mercury,34,15,19,0.441,76.5,98.3,99.5,-1.2,93.19,0.529,-1.1717890376615807
WNBA,2019,1611661328,Seattle Storm,34,18,16,0.529,74.8,96.2,96.4,-0.2,93.39,0.513,-0.2090610906177004
WNBA,2019,1611661322,Washington Mystics,34,26,8,0.765,89.3,112.9,98.1,14.8,94.36,0.579,11.067238502767202
WNBA,2020,1611661330,Atlanta Dream,22,7,15,0.318,81.0,99.0,107.1,-8.1,97.63,0.518,-6.12503803143104
WNBA,2020,1611661329,Chicago Sky,22,12,10,0.545,86.7,105.7,102.7,3.0,98.37,0.58,2.416681672265307
WNBA,2020,1611661323,Connecticut Sun,22,10,12,0.455,80.4,100.1,99.5,0.6,95.81,0.513,0.416669253838846
WNBA,2020,1611661321,Dallas Wings,22,8,14,0.364,83.4,103.6,108.0,-4.4,95.57,0.525,-3.250020179942999
WNBA,2020,1611661325,Indiana Fever,22,6,16,0.273,81.7,101.6,111.8,-10.2,96.27,0.543,-7.208378091412037
WNBA,2020,1611661319,Las Vegas Aces,22,18,4,0.818,88.7,107.3,97.2,10.0,99.08,0.562,7.8750488975541915
WNBA,2020,1611661320,Los Angeles Sparks,22,15,7,0.682,84.9,104.3,98.8,5.5,97.08,0.571,4.208359463772346
WNBA,2020,1611661324,Minnesota Lynx,22,14,8,0.636,84.4,106.7,101.7,5.1,95.02,0.562,3.500021732246308
WNBA,2020,1611661313,New York Liberty,22,2,20,0.091,71.9,87.3,104.5,-17.2,98.67,0.485,-12.83341301823646
WNBA,2020,1611661317,Phoenix Mercury,22,13,9,0.591,86.1,104.5,101.8,2.7,98.47,0.564,1.833344716890923
WNBA,2020,1611661328,Seattle Storm,22,18,4,0.818,87.5,108.3,93.3,15.0,97.39,0.575,10.583399047506692
WNBA,2020,1611661322,Washington Mystics,22,9,13,0.409,80.0,100.1,102.2,-2.1,94.73,0.532,-1.4166754630520768
WNBA,2021,1611661330,Atlanta Dream,32,8,24,0.25,78.7,97.5,104.0,-6.5,96.33,0.489,-5.3839923441410065
WNBA,2021,1611661329,Chicago Sky,32,16,16,0.5,83.3,100.9,99.4,1.5,97.46,0.538,1.0963962972164154
WNBA,2021,1611661323,Connecticut Sun,32,26,6,0.813,79.7,104.1,91.7,12.4,90.96,0.543,8.862720787525177
WNBA,2021,1611661321,Dallas Wings,32,14,18,0.438,81.1,102.2,103.0,-0.8,94.47,0.521,-0.22955788671970367
WNBA,2021,1611661325,Indiana Fever,32,6,26,0.188,75.3,95.3,107.8,-12.5,94.78,0.497,-8.96485148370266
WNBA,2021,1611661319,Las Vegas Aces,32,24,8,0.75,89.3,107.1,96.0,11.1,98.98,0.559,8.43953624367714
WNBA,2021,1611661320,Los Angeles Sparks,32,12,20,0.375,72.8,92.3,97.5,-5.2,94.03,0.5,-3.7908304631710052
WNBA,2021,1611661324,Minnesota Lynx,32,22,10,0.688,82.7,102.8,98.0,4.7,95.74,0.553,3.625807911157608
WNBA,2021,1611661313,New York Liberty,32,12,20,0.375,78.5,96.1,104.3,-8.2,97.81,0.541,-6.320242077112198
WNBA,2021,1611661317,Phoenix Mercury,32,19,13,0.594,82.1,104.3,101.3,3.1,93.56,0.553,2.4452634304761887
WNBA,2021,1611661328,Seattle Storm,32,21,11,0.656,84.8,103.6,98.4,5.2,96.24,0.556,3.8038975596427917
WNBA,2021,1611661322,Washington Mystics,32,12,20,0.375,79.8,99.5,104.4,-5.0,95.79,0.519,-3.5841479748487473
WNBA,2022,1611661330,Atlanta Dream,36,14,22,0.389,78.5,96.4,99.8,-3.4,97.22,0.516,-2.978976004976181
WNBA,2022,1611661329,Chicago Sky,36,26,10,0.722,86.3,105.8,99.7,6.0,96.81,0.574,4.848008126706886
WNBA,2022,1611661323,Connecticut Sun,36,25,11,0.694,85.8,105.8,96.3,9.5,96.45,0.552,7.226938700682289
WNBA,2022,1611661321,Dallas Wings,36,18,18,0.5,82.9,104.6,104.3,0.2,94.84,0.536,0.03735757988069218
WNBA,2022,1611661325,Indiana Fever,36,5,31,0.139,78.0,95.2,108.1,-12.9,97.92,0.5,-10.023946208648397
WNBA,2022,1611661319,Las Vegas Aces,36,26,10,0.722,90.4,109.6,102.0,7.7,98.64,0.573,5.775254982131571
WNBA,2022,1611661320,Los Angeles Sparks,36,13,23,0.361,79.4,97.6,106.7,-9.1,97.2,0.53,-6.491066810549496
WNBA,2022,1611661324,Minnesota Lynx,36,14,22,0.389,82.4,102.6,104.4,-1.8,95.77,0.545,-1.18655795863643
WNBA,2022,1611661313,New York Liberty,36,16,20,0.444,79.6,99.0,102.0,-3.0,95.52,0.543,-1.97187693551736
WNBA,2022,1611661317,Phoenix Mercury,36,15,21,0.417,81.1,100.7,104.1,-3.4,95.85,0.543,-2.9651501550038297
WNBA,2022,1611661328,Seattle Storm,36,22,14,0.611,82.5,102.6,97.4,5.2,96.18,0.547,3.9134956955108264
WNBA,2022,1611661322,Washington Mystics,36,22,14,0.611,80.2,101.1,96.0,5.1,94.05,0.538,3.8165189884194284
WNBA,2023,1611661330,Atlanta Dream,40,19,21,0.475,82.5,99.7,101.5,-1.8,98.7,0.527,-1.0070205437011717
WNBA,2023,1611661329,Chicago Sky,40,18,22,0.45,81.7,101.3,103.4,-2.1,96.18,0.533,-1.519194289550781
WNBA,2023,1611661323,Connecticut Sun,40,27,13,0.675,82.7,103.2,98.8,4.4,95.12,0.54,3.432039312255859
WNBA,2023,1611661321,Dallas Wings,40,22,18,0.55,87.9,106.9,103.5,3.5,98.21,0.535,2.6416737797851564
WNBA,2023,1611661325,Indiana Fever,40,13,27,0.325,81.0,101.8,106.3,-4.5,94.83,0.532,-3.849618795654296
WNBA,2023,1611661319,Las Vegas Aces,40,34,6,0.85,92.8,113.0,97.7,15.3,98.57,0.597,11.460439323730467
WNBA,2023,1611661320,Los Angeles Sparks,40,17,23,0.425,78.9,98.0,100.0,-1.9,96.31,0.525,-1.6454952329101562
WNBA,2023,1611661324,Minnesota Lynx,40,19,21,0.475,80.2,99.8,105.7,-5.9,95.84,0.53,-4.506638774902343
WNBA,2023,1611661313,New York Liberty,40,32,8,0.8,89.2,109.6,99.4,10.3,96.56,0.577,8.142308962158202
WNBA,2023,1611661317,Phoenix Mercury,40,9,31,0.225,76.6,97.6,107.9,-10.3,94.01,0.539,-7.751083571289063
WNBA,2023,1611661328,Seattle Storm,40,11,29,0.275,78.8,96.9,104.0,-7.1,97.23,0.518,-5.073895524414062
WNBA,2023,1611661322,Washington Mystics,40,19,21,0.475,80.5,99.9,100.3,-0.4,96.4,0.533,-0.3235146455078122
WNBA,2024,1611661330,Atlanta Dream,40,15,25,0.375,77.0,96.6,100.1,-3.6,94.75,0.501,-2.3911151752929687
WNBA,2024,1611661329,Chicago Sky,40,13,27,0.325,77.4,97.0,103.5,-6.5,95.72,0.495,-4.665390817138673
WNBA,2024,1611661323,Connecticut Sun,40,28,12,0.7,80.1,102.3,94.1,8.1,93.32,0.533,5.746552821777343
WNBA,2024,1611661321,Dallas Wings,40,9,31,0.225,84.2,102.1,111.7,-9.5,98.05,0.531,-7.175656842285156
WNBA,2024,1611661325,Indiana Fever,40,20,20,0.5,85.0,104.2,107.5,-3.4,97.54,0.559,-2.186027290771484
WNBA,2024,1611661319,Las Vegas Aces,40,27,13,0.675,86.4,106.1,99.6,6.5,97.3,0.567,4.773231447509766
WNBA,2024,1611661320,Los Angeles Sparks,40,8,32,0.2,78.4,97.0,105.7,-8.6,96.79,0.523,-6.302627891845703
WNBA,2024,1611661324,Minnesota Lynx,40,30,10,0.75,82.0,102.8,94.8,8.0,94.83,0.553,5.637345819335938
WNBA,2024,1611661313,New York Liberty,40,32,8,0.8,85.6,107.0,95.3,11.7,96.15,0.561,8.060094591064454
WNBA,2024,1611661317,Phoenix Mercury,40,19,21,0.475,81.5,101.3,105.4,-4.1,95.88,0.547,-2.9720180002441405
WNBA,2024,1611661328,Seattle Storm,40,25,15,0.625,83.2,102.1,96.4,5.6,97.31,0.525,3.9147254675292964
WNBA,2024,1611661322,Washington Mystics,40,14,26,0.35,79.3,98.0,101.7,-3.8,96.49,0.538,-2.439114129638672
WNBA,2025,1611661330,Atlanta Dream,44,30,14,0.682,84.4,108.2,98.9,9.3,93.08,0.555,6.492010429379089
WNBA,2025,1611661329,Chicago Sky,44,10,34,0.227,75.8,97.0,109.9,-12.8,93.75,0.516,-9.124540615377704
WNBA,2025,1611661323,Connecticut Sun,44,11,33,0.25,75.8,95.9,108.8,-12.9,94.57,0.505,-9.243243508346946
WNBA,2025,1611661321,Dallas Wings,44,10,34,0.227,81.7,101.6,109.1,-7.5,96.34,0.514,-5.379027987705607
WNBA,2025,1611661331,Golden State Valkyries,44,23,21,0.523,77.7,101.5,99.8,1.7,91.55,0.531,1.4654940216246346
WNBA,2025,1611661325,Indiana Fever,44,24,20,0.545,84.9,106.2,101.8,4.5,95.71,0.554,2.531825712556389
WNBA,2025,1611661319,Las Vegas Aces,44,30,14,0.682,83.6,105.9,101.9,3.9,94.92,0.552,2.589771155427817
WNBA,2025,1611661320,Los Angeles Sparks,44,21,23,0.477,85.7,105.2,108.5,-3.3,96.84,0.563,-2.1857061714448536
WNBA,2025,1611661324,Minnesota Lynx,44,34,10,0.773,86.1,109.5,97.5,12.1,94.06,0.572,8.71761285541616
WNBA,2025,1611661313,New York Liberty,44,27,17,0.614,84.4,105.8,100.6,5.2,95.75,0.574,3.7907161274805805
WNBA,2025,1611661317,Phoenix Mercury,44,27,17,0.614,82.8,103.6,100.4,3.2,95.81,0.542,2.5509496696720606
WNBA,2025,1611661328,Seattle Storm,44,23,21,0.523,82.1,103.0,100.1,2.9,95.28,0.539,2.021447857422996
WNBA,2025,1611661322,Washington Mystics,44,16,28,0.364,77.1,97.2,103.2,-6.0,94.76,0.53,-4.2273095461046175
