season,team_id,team_code,games,mov,srs,srs_off,srs_def,sos,home_court_adv,treatment,cap
1997,1611661316,HOU,28,6.321428571428571,5.468750000000009,2.109375000000008,3.3593750000000004,-0.8526785714285623,4.232142857142848,cap,26.0
1997,1611661317,PHO,28,4.0,3.3124999999999996,-0.6145833333333375,3.927083333333337,-0.6875000000000004,4.232142857142848,cap,26.0
1997,1611661313,NYL,28,2.392857142857143,2.093749999999999,-1.4114583333333295,3.5052083333333286,-0.2991071428571437,4.232142857142848,cap,26.0
1997,1611661320,LAS,28,2.2142857142857144,1.9375000000000062,5.322916666666663,-3.385416666666657,-0.2767857142857082,4.232142857142848,cap,26.0
1997,1611661315,CLE,28,1.7857142857142858,1.4375000000000036,0.8645833333333348,0.5729166666666687,-0.34821428571428226,4.232142857142848,cap,26.0
1997,1611661314,CHA,28,1.2857142857142858,1.2187499999999991,-2.286458333333335,3.505208333333334,-0.0669642857142867,4.232142857142848,cap,26.0
1997,1611661318,SAC,28,-7.5,-6.500000000000002,-0.31250000000000355,-6.187499999999998,0.9999999999999982,4.232142857142848,cap,26.0
1997,1611661319,UTA,28,-10.5,-8.968750000000004,-3.6718749999999973,-5.296875000000005,1.5312499999999964,4.232142857142848,cap,26.0
1998,1611661316,HOU,30,12.566666666666666,10.430086580086591,4.639733104858106,5.790353475228486,-2.136580086580075,2.8933333333333398,cap,26.0
1998,1611661317,PHO,30,6.4,5.457792207792217,3.11877110389611,2.3390211038961066,-0.9422077922077836,2.8933333333333398,cap,26.0
1998,1611661315,CLE,30,2.9,2.4114718614718704,2.983712782587789,-0.5722409211159185,-0.4885281385281295,2.8933333333333398,cap,26.0
1998,1611661313,NYL,30,3.066666666666667,2.2071428571428564,-2.5169702380952454,4.724113095238102,-0.8595238095238105,2.8933333333333398,cap,26.0
1998,1611661314,CHA,30,3.066666666666667,1.970779220779228,0.5315146103896158,1.4392646103896123,-1.0958874458874388,2.8933333333333398,cap,26.0
1998,1611661321,DET,30,0.3,-0.0872294372294391,-1.0923045334295347,1.0050750962000956,-0.3872294372294391,2.8933333333333398,cap,26.0
1998,1611661320,LAS,30,-0.7,-0.5257575757575852,1.6551443602693547,-2.18090193602694,0.17424242424241476,2.8933333333333398,cap,26.0
1998,1611661318,SAC,30,-5.533333333333333,-4.24783549783551,-6.303672378547387,2.0558368807118765,1.2854978354978233,2.8933333333333398,cap,26.0
1998,1611661319,UTA,30,-6.7,-5.578571428571437,0.26725595238095057,-5.845827380952388,1.121428571428563,2.8933333333333398,cap,26.0
1998,1611661322,WAS,30,-15.366666666666667,-12.037878787878789,-3.2831847643097603,-8.754694023569028,3.328787878787878,2.8933333333333398,cap,26.0
1999,1611661316,HOU,32,9.28125,8.620370370370367,3.8066137566137526,4.813756613756613,-0.6608796296296333,3.7656250000000036,cap,26.0
1999,1611661320,LAS,32,4.09375,4.3148148148148096,7.546693121693116,-3.231878306878307,0.22106481481480955,3.7656250000000036,cap,26.0
1999,1611661318,SAC,32,4.1875,4.2314814814814925,5.415740740740753,-1.1842592592592602,0.0439814814814925,3.7656250000000036,cap,26.0
1999,1611661313,NYL,32,2.5,1.1018518518518645,-2.12407407407406,3.2259259259259245,-1.3981481481481355,3.7656250000000036,cap,26.0
1999,1611661317,PHO,32,-0.15625,0.5092592592592577,-1.641798941798943,2.1510582010582007,0.6655092592592577,3.7656250000000036,cap,26.0
1999,1611661324,MIN,32,-2.375,-1.074074074074078,-6.237037037037034,5.162962962962956,1.300925925925922,3.7656250000000036,cap,26.0
1999,1611661323,ORL,32,-0.3125,-1.148148148148155,-0.32050264550265695,-0.8276455026454981,-0.835648148148155,3.7656250000000036,cap,26.0
1999,1611661319,UTA,32,-3.125,-1.4351851851851691,5.8681216931217,-7.303306878306869,1.6898148148148309,3.7656250000000036,cap,26.0
1999,1611661314,CHA,32,-1.1875,-1.787037037037039,-3.782804232804234,1.9957671957671952,-0.599537037037039,3.7656250000000036,cap,26.0
1999,1611661321,DET,32,-2.0,-2.2592592592592506,1.2667989417989434,-3.526058201058194,-0.25925925925925064,3.7656250000000036,cap,26.0
1999,1611661322,WAS,32,-4.5625,-5.120370370370375,-3.6637566137566244,-1.4566137566137503,-0.5578703703703747,3.7656250000000036,cap,26.0
1999,1611661315,CLE,32,-6.34375,-5.953703703703724,-6.133994708994711,0.18029100529098763,0.3900462962962763,3.7656250000000036,cap,26.0
2000,1611661316,HOU,32,12.78125,12.057445633399157,7.940200857927701,4.117244775471455,-0.7238043666008434,3.382812500000001,cap,26.0
2000,1611661320,LAS,32,7.75,8.214367878887272,6.694901944777158,1.5194659341101135,0.4643678788872716,3.382812500000001,cap,26.0
2000,1611661318,SAC,32,5.21875,5.570845748865613,4.069672664773395,1.5011730840922182,0.35209574886561334,3.382812500000001,cap,26.0
2000,1611661317,PHO,32,4.40625,4.850458685554258,1.055552048628913,3.7949066369253455,0.4442086855542584,3.382812500000001,cap,26.0
2000,1611661313,NYL,32,3.53125,2.728168816042343,-2.535188816610402,5.263357632652745,-0.8030811839576568,3.382812500000001,cap,26.0
2000,1611661324,MIN,32,0.15625,1.1533062269951282,0.07933680886237582,1.0739694181327524,0.9970562269951282,3.382812500000001,cap,26.0
2000,1611661319,UTA,32,0.1875,1.0835109454974088,7.167571930401198,-6.08406098490379,0.8960109454974088,3.382812500000001,cap,26.0
2000,1611661315,CLE,32,1.96875,0.6985974920480689,-1.4682263443474826,2.1668238363955514,-1.2701525079519311,3.382812500000001,cap,26.0
2000,1611661322,WAS,32,-1.40625,-1.7369629821488624,-1.1696142703436294,-0.5673487118052329,-0.33071298214886236,3.382812500000001,cap,26.0
2000,1611661323,ORL,32,-0.78125,-1.7951057347144084,-0.4962478571938469,-1.2988578775205615,-1.0138557347144084,3.382812500000001,cap,26.0
2000,1611661327,POR,32,-4.625,-3.098623487538355,-0.952490540045841,-2.146132947492514,1.526376512461645,3.382812500000001,cap,26.0
2000,1611661325,IND,32,-2.40625,-3.2970759500521756,0.36330663217967096,-3.6603825822318465,-0.8908259500521756,3.382812500000001,cap,26.0
2000,1611661321,DET,32,-2.96875,-4.124693709202564,4.168641756532111,-8.293335465734675,-1.155943709202564,3.382812500000001,cap,26.0
2000,1611661326,MIA,32,-5.3125,-6.174137448868194,-12.674271047901206,6.500133599033012,-0.8616374488681942,3.382812500000001,cap,26.0
2000,1611661314,CHA,32,-7.59375,-7.616972301285902,-0.4665385804536051,-7.150433720832297,-0.023222301285901636,3.382812500000001,cap,26.0
2000,1611661328,SEA,32,-10.90625,-8.513129813478791,-11.776607187186508,3.263477373707717,2.393120186521209,3.382812500000001,cap,26.0
2001,1611661320,LAS,32,8.59375,8.198301842204522,10.778988215231616,-2.580686373027093,-0.39544815779547804,2.8867187500000204,cap,26.0
2001,1611661315,CLE,32,6.75,5.772296360809007,-3.9037441264716337,9.676040487280641,-0.9777036391909926,2.8867187500000204,cap,26.0
2001,1611661318,SAC,32,4.84375,4.393354984967718,5.906704570265777,-1.5133495852980596,-0.4503950150322824,2.8867187500000204,cap,26.0
2001,1611661313,NYL,32,2.5,2.187325208187471,2.0001625622721146,0.18716264591535614,-0.3126747918125292,2.8867187500000204,cap,26.0
2001,1611661326,MIA,32,1.84375,1.5552779446614569,-5.024516694871498,6.579794639532955,-0.28847205533854314,2.8867187500000204,cap,26.0
2001,1611661316,HOU,32,1.65625,1.4224725792935171,-2.9290581123424992,4.351530691636016,-0.23377742070648289,2.8867187500000204,cap,26.0
2001,1611661314,CHA,32,1.4375,1.3884576846569354,-1.4919721328946576,2.880429817551593,-0.04904231534306458,2.8867187500000204,cap,26.0
2001,1611661319,UTA,32,0.46875,0.641509663268085,3.2352543843881385,-2.5937447211200535,0.172759663268085,2.8867187500000204,cap,26.0
2001,1611661324,MIN,32,-2.46875,-1.8421187253053173,-0.968013351792429,-0.8741053735128883,0.6266312746946827,2.8867187500000204,cap,26.0
2001,1611661323,ORL,32,-2.03125,-1.8565532046738884,1.8414637214400091,-3.6980169261138975,0.1746967953261116,2.8867187500000204,cap,26.0
2001,1611661325,IND,32,-3.0,-2.9261285748316572,2.4210329631685497,-5.347161538000207,0.07387142516834277,2.8867187500000204,cap,26.0
2001,1611661317,PHO,32,-3.28125,-2.9637729487209747,-1.4778273274605804,-1.4859456212603943,0.31747705127902526,2.8867187500000204,cap,26.0
2001,1611661327,POR,32,-3.5625,-3.1722913497091128,-0.369069979136337,-2.8032213705727758,0.39020865029088725,2.8867187500000204,cap,26.0
2001,1611661328,SEA,32,-3.96875,-3.359274227816459,-5.803601775776893,2.444327547960434,0.6094757721835409,2.8867187500000204,cap,26.0
2001,1611661322,WAS,32,-4.59375,-4.371715655405563,-5.105860779983426,0.7341451245778639,0.22203434459443727,2.8867187500000204,cap,26.0
2001,1611661321,DET,32,-5.1875,-5.067141581585747,0.8900578639637491,-5.957199445549496,0.12035841841425299,2.8867187500000204,cap,26.0
2002,1611661320,LAS,32,6.78125,6.415186057698146,9.309792780207667,-2.894606722509521,-0.3660639423018539,2.8906249999999925,cap,26.0
2002,1611661316,HOU,32,5.625,5.259609955619828,-3.9296755576286535,9.189285513248482,-0.3653900443801721,2.8906249999999925,cap,26.0
2002,1611661314,CHA,32,3.375,2.7412891891908835,2.863275343118549,-0.12198615392766543,-0.6337108108091165,2.8906249999999925,cap,26.0
2002,1611661328,SEA,32,2.65625,2.238158759163831,0.1631160437620931,2.0750427154017377,-0.4180912408361692,2.8906249999999925,cap,26.0
2002,1611661313,NYL,32,2.3125,2.100596092630608,-2.6874553172791695,4.7880514099097775,-0.21190390736939202,2.8906249999999925,cap,26.0
2002,1611661319,UTA,32,2.3125,2.0875660826524847,8.21812136371169,-6.130555281059205,-0.22493391734751533,2.8906249999999925,cap,26.0
2002,1611661322,WAS,32,0.59375,0.19612440356604388,-1.1925363520522612,1.388660755618305,-0.3976255964339561,2.8906249999999925,cap,26.0
2002,1611661323,ORL,32,-0.03125,-0.2972119776165436,3.2414517676745223,-3.538663745291066,-0.2659619776165436,2.8906249999999925,cap,26.0
2002,1611661327,POR,32,-1.0,-0.4961179384301819,1.0481712071065803,-1.5442891455367622,0.5038820615698181,2.8906249999999925,cap,26.0
2002,1611661325,IND,32,-1.0,-1.0183345113417763,-2.44449816240333,1.4261636510615538,-0.018334511341776327,2.8906249999999925,cap,26.0
2002,1611661326,MIA,32,-1.3125,-1.1871131982163412,-3.431884165799606,2.244770967583265,0.1253868017836588,2.8906249999999925,cap,26.0
2002,1611661315,CLE,32,-2.15625,-2.104191180643675,-2.529082292054198,0.42489111141052316,0.05205881935632517,2.8906249999999925,cap,26.0
2002,1611661324,MIN,32,-3.15625,-2.5873943145260494,-5.477297891512041,2.8899035769859918,0.5688556854739506,2.8906249999999925,cap,26.0
2002,1611661318,SAC,32,-4.0,-3.5080964009496944,0.14162906864109148,-3.649725469590786,0.49190359905030556,2.8906249999999925,cap,26.0
2002,1611661321,DET,32,-4.75,-4.749340635750954,-1.2521712541048733,-3.4971693816460814,0.0006593642490457796,2.8906249999999925,cap,26.0
2002,1611661317,PHO,32,-6.25,-5.090730383046619,-2.0409565813880692,-3.0497738016585503,1.159269616953381,2.8906249999999925,cap,26.0
2003,1611661321,DET,34,4.647058823529412,3.824230626429685,7.144043508647806,-3.3198128822181205,-0.8228281970997271,4.016806722689077,cap,26.0
2003,1611661316,HOU,34,3.0,2.63841039845358,-2.614309047099648,5.252719445553228,-0.36158960154642017,4.016806722689077,cap,26.0
2003,1611661328,SEA,34,3.3529411764705883,2.3776291892164476,1.8200312465425785,0.5575979426738691,-0.9753119872541407,4.016806722689077,cap,26.0
2003,1611661318,SAC,34,2.4411764705882355,2.0972345391331078,-0.6170173864296387,2.7142519255627464,-0.34394193145512775,4.016806722689077,cap,26.0
2003,1611661320,LAS,34,1.9705882352941178,1.9072529189666323,6.061958009903404,-4.154705090936772,-0.06333531632748546,4.016806722689077,cap,26.0
2003,1611661314,CHA,34,0.6470588235294118,0.4690370394056358,-3.5519470464105507,4.0209840858161865,-0.178021784123776,4.016806722689077,cap,26.0
2003,1611661315,CLE,34,0.5588235294117647,0.395741634319279,-3.268506948747392,3.664248583066671,-0.16308189509248572,4.016806722689077,cap,26.0
2003,1611661325,IND,34,0.47058823529411764,0.3566415243891683,0.5017157177017397,-0.14507419331257143,-0.11394671090494934,4.016806722689077,cap,26.0
2003,1611661324,MIN,34,0.29411764705882354,0.2363383391187064,2.298975241593774,-2.0626369024750675,-0.05777930794011715,4.016806722689077,cap,26.0
2003,1611661313,NYL,34,-0.38235294117647056,-0.3255201109569845,-2.1995282705596138,1.8740081596026292,0.05683283021948604,4.016806722689077,cap,26.0
2003,1611661323,CON,34,-0.7352941176470589,-0.4715262721963773,2.1883946561261105,-2.659920928322488,0.26376784545068155,4.016806722689077,cap,26.0
2003,1611661322,WAS,34,-4.9411764705882355,-4.148604441390411,0.9233283832419099,-5.071932824632321,0.7925720291978244,4.016806722689077,cap,26.0
2003,1611661317,PHO,34,-5.088235294117647,-4.4054091539528315,-6.420152079362669,2.0147429254098377,0.6828261401648152,4.016806722689077,cap,26.0
2003,1611661319,SAS,34,-6.235294117647059,-4.95145623093563,-2.2669859851477936,-2.6844702457878364,1.2838378867114288,4.016806722689077,cap,26.0
2004,1611661328,SEA,34,5.088235294117647,4.876756984323574,4.653095420886025,0.22366156343754895,-0.21147830979407267,3.072398190045245,cap,26.0
2004,1611661320,LAS,34,3.9411764705882355,3.816891559698889,6.616068344551994,-2.7991767848531053,-0.12428491088934646,3.072398190045245,cap,26.0
2004,1611661318,SAC,34,2.088235294117647,2.312833681041636,0.9935339991383918,1.319299681903244,0.2245983869239887,3.072398190045245,cap,26.0
2004,1611661317,PHO,34,1.911764705882353,1.9270259476433589,0.4227968769343988,1.50422907070896,0.01526124176100585,3.072398190045245,cap,26.0
2004,1611661323,CON,34,0.9117647058823529,0.43117408906882737,1.5334136623610313,-1.102239573292204,-0.48059061681352555,3.072398190045245,cap,26.0
2004,1611661324,MIN,34,-0.7352941176470589,-0.502059577069415,-3.4637527822214724,2.9616932051520575,0.23323454057764392,3.072398190045245,cap,26.0
2004,1611661321,DET,34,-0.4411764705882353,-0.5161943319837672,2.85972945183475,-3.375923783818517,-0.0750178613955319,3.072398190045245,cap,26.0
2004,1611661316,HOU,34,-1.0,-0.9244350761041353,-3.2167882992591808,2.2923532231550454,0.07556492389586467,3.072398190045245,cap,26.0
2004,1611661325,IND,34,-1.3823529411764706,-1.516194331983849,-2.7069372148319832,1.1907428828481343,-0.13384139080737834,3.072398190045245,cap,26.0
2004,1611661313,NYL,34,-1.3235294117647058,-1.5688259109311655,-0.9665863376389705,-0.602239573292195,-0.24529649916645968,3.072398190045245,cap,26.0
2004,1611661322,WAS,34,-1.7352941176470589,-1.831983805667992,1.5685013816592877,-3.4004851873272797,-0.09668968802093314,3.072398190045245,cap,26.0
2004,1611661314,CHA,34,-2.235294117647059,-2.3056680161943572,-6.151674056937231,3.8460060407428736,-0.07037389854729836,3.072398190045245,cap,26.0
2004,1611661319,SAS,34,-5.088235294117647,-4.1993212118416,-2.141400446477037,-2.057920765364563,0.8889140822760471,3.072398190045245,cap,26.0
2005,1611661323,CON,34,6.764705882352941,5.821862348178137,5.52460638776428,0.2972559604138576,-0.9428435341748038,3.561085972850691,cap,26.0
2005,1611661318,SAC,34,6.9411764705882355,5.722448020369423,0.22851265984700664,5.493935360522416,-1.218728450218813,3.561085972850691,cap,26.0
2005,1611661328,SEA,34,2.676470588235294,2.1869392392324656,6.33961526845235,-4.152676029219885,-0.48953134900282835,3.561085972850691,cap,26.0
2005,1611661316,HOU,34,1.3529411764705883,1.129266755960662,0.13201901388495418,0.9972477420757078,-0.22367442050992636,3.561085972850691,cap,26.0
2005,1611661325,IND,34,1.088235294117647,0.9534412955465505,-3.8262708052181837,4.779712100764734,-0.13479399857109642,3.561085972850691,cap,26.0
2005,1611661313,NYL,34,0.9117647058823529,0.795546558704439,1.061448493027422,-0.2659019343229829,-0.1162181471779139,3.561085972850691,cap,26.0
2005,1611661317,PHO,34,0.20588235294117646,-0.05690834197197159,2.2834984393070874,-2.340406781279059,-0.26279069491314805,3.561085972850691,cap,26.0
2005,1611661320,LAS,34,-0.5588235294117647,-0.25519147506665885,1.2797087172943789,-1.5349001923610377,0.3036320543451059,3.561085972850691,cap,26.0
2005,1611661321,DET,34,-1.1764705882352942,-0.704453441295541,-0.8052181736392261,0.1007647323436851,0.47201714693975316,3.561085972850691,cap,26.0
2005,1611661322,WAS,34,-1.2352941176470589,-0.9149797570850389,-0.3438146648672964,-0.5711650922177425,0.32031436056202,3.561085972850691,cap,26.0
2005,1611661324,MIN,34,-2.264705882352941,-1.8653539776438137,-2.483524766473809,0.6181707888299952,0.3993519047091274,3.561085972850691,cap,26.0
2005,1611661314,CHA,34,-7.0588235294117645,-6.336032388663939,-5.354340980656738,-0.981691408007201,0.7227911407478258,3.561085972850691,cap,26.0
2005,1611661319,SAS,34,-7.647058823529412,-6.476584836264702,-4.036239588722221,-2.4403452475424805,1.1704739872647103,3.561085972850691,cap,26.0
2006,1611661323,CON,34,7.823529411764706,6.814835164835174,3.471435743529745,3.3433994213054294,-1.0086942469295312,3.3529411764705923,cap,26.0
2006,1611661318,SAC,34,3.911764705882353,3.5502579552235822,-1.2261415491953427,4.776399504418925,-0.3615067506587706,3.3529411764705923,cap,26.0
2006,1611661321,DET,34,4.205882352941177,3.512406015037592,-1.0970617832459917,4.609467798283584,-0.6934763379035846,3.3529411764705923,cap,26.0
2006,1611661320,LAS,34,2.911764705882353,3.2543217125146713,-0.018831419654728343,3.2731531321693996,0.3425570066323185,3.3529411764705923,cap,26.0
2006,1611661325,IND,34,3.5,2.7492481203007415,-4.145307397281093,6.894555517581835,-0.7507518796992585,3.3529411764705923,cap,26.0
2006,1611661317,PHO,34,2.3823529411764706,2.2766521647063254,12.584203527321204,-10.307551362614879,-0.1057007764701452,3.3529411764705923,cap,26.0
2006,1611661322,WAS,34,2.6470588235294117,1.814835164835169,5.874661549981362,-4.059826385146193,-0.8322236586942426,3.3529411764705923,cap,26.0
2006,1611661328,SEA,34,2.0294117647058822,1.731808381619727,2.0236242441410788,-0.29181586252135183,-0.2976033830861553,3.3529411764705923,cap,26.0
2006,1611661316,HOU,34,1.7058823529411764,1.3777359616532094,-2.095537170055047,3.4732731317082566,-0.32814639128796697,3.3529411764705923,cap,26.0
2006,1611661319,SAS,34,-2.3529411764705883,-2.1167488016632077,-1.1445627210969715,-0.9721860805662361,0.23619237480738065,3.3529411764705923,cap,26.0
2006,1611661314,CHA,34,-3.3823529411764706,-2.962711612711602,-2.8433665662669956,-0.11934504644460642,0.41964132846486857,3.3529411764705923,cap,26.0
2006,1611661324,MIN,34,-6.235294117647059,-5.824027374054323,-0.7602549114602151,-5.063772462594107,0.4112667435927362,3.3529411764705923,cap,26.0
2006,1611661313,NYL,34,-8.411764705882353,-6.638387288387278,-4.63281730733065,-2.0055699810566283,1.773377417495075,3.3529411764705923,cap,26.0
2006,1611661329,CHI,34,-10.735294117647058,-9.540225563909768,-5.990044239386342,-3.5501813245234253,1.1950685537372898,3.3529411764705923,cap,26.0
2007,1611661321,DET,34,4.617647058823529,4.269230769230765,3.1061277834509387,1.163102985779826,-0.34841628959276427,1.8038646122758095,cap,26.0
2007,1611661317,PHO,34,3.5588235294117645,3.100945949258163,13.160469619966998,-10.059523670708835,-0.45787758015360147,1.8038646122758095,cap,26.0
2007,1611661325,IND,34,3.235294117647059,3.085020242914965,-3.935977479706962,7.020997722621927,-0.15027387473209375,1.8038646122758095,cap,26.0
2007,1611661323,CON,33,2.5757575757575757,2.6548644353612643,2.786035957907127,-0.13117152254586273,0.07910685960368857,1.8038646122758095,cap,26.0
2007,1611661328,SEA,34,2.5588235294117645,1.6481879037873997,3.4622345679202198,-1.8140466641328201,-0.9106356256243648,1.8038646122758095,cap,26.0
2007,1611661318,SAC,34,1.3823529411764706,1.0371444760513855,-3.3056061947641915,4.342750670815577,-0.3452084651250851,1.8038646122758095,cap,26.0
2007,1611661319,SAS,34,0.9705882352941176,0.8346066618703563,-3.4503393067471237,4.28494596861748,-0.13598157342376138,1.8038646122758095,cap,26.0
2007,1611661322,WAS,34,-1.588235294117647,-1.178137651821861,0.16577690625797548,-1.3439145580798364,0.41009764229578605,1.8038646122758095,cap,26.0
2007,1611661329,CHI,34,-2.5294117647058822,-2.020242914979763,-1.7219423919876529,-0.2983005229921103,0.5091688497261191,1.8038646122758095,cap,26.0
2007,1611661313,NYL,33,-2.757575757575758,-2.1953502653207675,-5.539071392433895,3.3437211271131275,0.5622254922549903,1.8038646122758095,cap,26.0
2007,1611661324,MIN,34,-3.411764705882353,-3.230919175477113,0.6935025376812574,-3.9244217131583703,0.18084553040523987,1.8038646122758095,cap,26.0
2007,1611661316,HOU,34,-3.4705882352941178,-3.290447224509056,-3.3671174802252732,0.0766702557162171,0.18014101078506162,1.8038646122758095,cap,26.0
2007,1611661320,LAS,34,-5.147058823529412,-4.714903206365729,-2.0540931273194234,-2.660810079046305,0.43215561716368356,1.8038646122758095,cap,26.0
2008,1611661319,SAS,34,3.764705882352941,3.8371025138259727,-1.9581458823688678,5.7952483961948404,0.07239663147303155,3.142857142857153,cap,26.0
2008,1611661323,CON,34,4.382352941176471,3.4413158741464525,2.8506311721526503,0.5906847019938022,-0.9410370670300185,3.142857142857153,cap,26.0
2008,1611661321,DET,34,4.411764705882353,3.334071952457046,2.1239583579588492,1.2101135944981967,-1.0776927534253073,3.142857142857153,cap,26.0
2008,1611661328,SEA,34,2.5588235294117645,2.78940004785094,-3.8224677608428546,6.611867808693795,0.2305765184391757,3.142857142857153,cap,26.0
2008,1611661320,LAS,34,2.2058823529411766,2.4169627559958182,-0.3394764933219161,2.7564392493177343,0.2110804030546416,3.142857142857153,cap,26.0
2008,1611661324,MIN,34,1.3529411764705883,1.5915445412769795,5.62134145969616,-4.029796918419181,0.23860336480639122,3.142857142857153,cap,26.0
2008,1611661317,PHO,34,0.029411764705882353,0.6262337437332413,13.776508022063009,-13.150274278329768,0.5968219790273589,3.142857142857153,cap,26.0
2008,1611661313,NYL,34,1.0294117647058822,0.5732965467550728,-0.6170779597205831,1.190374506475656,-0.45611521795080945,3.142857142857153,cap,26.0
2008,1611661325,IND,34,0.47058823529411764,-0.15781400823366054,-4.120316159805249,3.9625021515715884,-0.6284022435277782,3.142857142857153,cap,26.0
2008,1611661318,SAC,34,-0.7647058823529411,-0.382717687533185,-1.3225486661448476,0.9398309786116625,0.3819881948197561,3.142857142857153,cap,26.0
2008,1611661316,HOU,34,-1.3235294117647058,-0.9142402008640529,-1.073067821937812,0.15882762107375914,0.40928921090065296,3.142857142857153,cap,26.0
2008,1611661329,CHI,34,-1.1176470588235294,-1.4586783507366095,-3.9976418622882632,2.538963511551654,-0.34103129191308,3.142857142857153,cap,26.0
2008,1611661322,WAS,34,-6.852941176470588,-6.248348591558982,-6.485041896321741,0.23669330476275885,0.6045925849116056,3.142857142857153,cap,26.0
2008,1611661330,ATL,34,-10.147058823529411,-9.448129137115028,-0.6366545091185358,-8.811474627996493,0.6989296864143828,3.142857142857153,cap,26.0
2009,1611661317,PHO,34,3.676470588235294,3.4755833751104035,15.716378419984554,-12.240795044874151,-0.20088721312489044,4.004804582332294,cap,26.0
2009,1611661325,IND,34,3.088235294117647,2.6501316994976247,-2.005437740156189,4.655569439653814,-0.43810359462002246,4.004804582332294,cap,26.0
2009,1611661328,SEA,34,2.0,1.765057059320993,-4.588884737910147,6.3539417972311405,-0.2349429406790069,4.004804582332294,cap,26.0
2009,1611661330,ATL,34,1.8823529411764706,1.586599168663871,6.4729229621640885,-4.8863237935002175,-0.2957537725125996,4.004804582332294,cap,26.0
2009,1611661320,LAS,33,0.7878787878787878,0.5792198831252824,-4.852830720268811,5.432050603394093,-0.20865890475350546,4.004804582332294,cap,26.0
2009,1611661321,DET,34,0.23529411764705882,0.16284888503547634,-0.34597558763297265,0.508824472668449,-0.07244523261158248,4.004804582332294,cap,26.0
2009,1611661323,CON,34,-0.08823529411764706,-0.16216963182897715,-0.2313536460701453,0.06918401424116816,-0.07393433771133008,4.004804582332294,cap,26.0
2009,1611661313,NYL,33,-0.42424242424242425,-0.363772003770892,-4.536191051010031,4.172419047239139,0.06047042047153223,4.004804582332294,cap,26.0
2009,1611661322,WAS,34,-1.088235294117647,-0.8966538817737719,-2.175596770425698,1.278942888651926,0.19158141234387505,4.004804582332294,cap,26.0
2009,1611661319,SAS,34,-1.3529411764705883,-1.208627151205358,-1.80906017650666,0.6004330253013022,0.1443140252652304,4.004804582332294,cap,26.0
2009,1611661318,SAC,34,-2.3529411764705883,-2.1033639933105848,-1.8564285975592574,-0.2469353957513274,0.24957718316000355,4.004804582332294,cap,26.0
2009,1611661324,MIN,34,-2.823529411764706,-2.471785045942182,2.2593608761249264,-4.731145922067109,0.3517443658225239,4.004804582332294,cap,26.0
2009,1611661329,CHI,34,-3.5294117647058822,-3.0130683629219006,-2.046903230733663,-0.9661651321882374,0.5163434017839816,4.004804582332294,cap,26.0
2010,1611661328,SEA,34,7.911764705882353,5.415420227920214,-1.157314050094226,6.57273427801444,-2.496344477962139,2.549019607843137,cap,26.0
2010,1611661325,IND,34,4.205882352941177,4.447827635327629,-1.9225562711554125,6.370383906483042,0.2419452823864523,2.549019607843137,cap,26.0
2010,1611661322,WAS,34,3.6470588235294117,4.38443732193732,-3.076018669229874,7.460455991167194,0.7373784984079079,2.549019607843137,cap,26.0
2010,1611661313,NYL,34,3.235294117647059,3.7177706552706535,-0.47831751980458304,4.196088175075237,0.48247653762359466,2.549019607843137,cap,26.0
2010,1611661330,ATL,34,2.264705882352941,2.9606481481481435,6.816612605944495,-3.855964457796351,0.6959422657952024,2.549019607843137,cap,26.0
2010,1611661323,CON,34,1.1470588235294117,2.307514245014236,2.144140481963756,0.16337376305047968,1.1604554214848242,2.549019607843137,cap,26.0
2010,1611661329,CHI,34,-0.7352941176470589,0.47346866096864915,-3.5993909307486938,4.072859591717343,1.208762778615708,2.549019607843137,cap,26.0
2010,1611661317,PHO,34,0.11764705882352941,-0.8153490028490005,14.468680644865994,-15.284029647714995,-0.9329960616725299,2.549019607843137,cap,26.0
2010,1611661320,LAS,34,-3.323529411764706,-3.8153490028489743,-3.7726986654788317,-0.042650337370142566,-0.4918195910842682,2.549019607843137,cap,26.0
2010,1611661324,MIN,34,-3.411764705882353,-4.093839031339037,-2.6177626452410934,-1.4760763860979438,-0.6820743254566843,2.549019607843137,cap,26.0
2010,1611661319,SAS,34,-3.264705882352941,-4.196403133903138,-4.962148144799015,0.765745010895877,-0.9316972515501964,2.549019607843137,cap,26.0
2010,1611661321,TUL,34,-11.794117647058824,-10.78614672364671,-1.8432268362225233,-8.942919887424186,1.007970923412115,2.549019607843137,cap,26.0
2011,1611661324,MIN,34,7.882352941176471,6.9169900669901,3.172202905156186,3.744787161833914,-0.9653628741863711,3.514705882352942,cap,26.0
2011,1611661325,IND,34,3.911764705882353,3.107022407022428,0.029756454367137586,3.0772659526552903,-0.8047422988599249,3.514705882352942,cap,26.0
2011,1611661323,CON,34,3.2941176470588234,2.7982386232386185,3.029166405793215,-0.23092778255459656,-0.4958790238202049,3.514705882352942,cap,26.0
2011,1611661317,PHO,34,3.0,2.521477246477243,12.686010931575453,-10.16453368509821,-0.47852275352275697,3.514705882352942,cap,26.0
2011,1611661319,SAS,34,2.1176470588235294,1.8158119658119887,-0.177607502496258,1.9934194683082467,-0.30183509301154077,3.514705882352942,cap,26.0
2011,1611661328,SEA,34,1.7941176470588236,1.3960441210440981,-6.775482049383606,8.171526170427704,-0.39807352601472545,3.514705882352942,cap,26.0
2011,1611661330,ATL,34,1.7058823529411764,1.350265650265655,5.925571624375851,-4.575305974110196,-0.3556167026755215,3.514705882352942,cap,26.0
2011,1611661313,NYL,34,1.2352941176470589,1.0414818664818664,-1.5750184241980607,2.616500290679927,-0.19381225116519252,3.514705882352942,cap,26.0
2011,1611661329,CHI,34,-0.9411764705882353,-0.6906213906213732,-3.109332407747297,2.418711017125924,0.2505550799668621,3.514705882352942,cap,26.0
2011,1611661320,LAS,34,-3.176470588235294,-2.7591880341880826,0.1702611610981677,-2.9294491952862503,0.4172825540472114,3.514705882352942,cap,26.0
2011,1611661322,WAS,34,-7.9411764705882355,-6.648053823053834,-6.127795167742336,-0.5202586553114976,1.2931226475344015,3.514705882352942,cap,26.0
2011,1611661321,TUL,34,-12.882352941176471,-10.849468699468684,-7.247733930798431,-3.6017347686702523,2.0328842417077873,3.514705882352942,cap,26.0
2012,1611661324,MIN,34,9.794117647058824,8.582799145299148,7.675428438898265,0.9073707064008829,-1.211318501759676,3.210784313725485,cap,26.0
2012,1611661320,LAS,34,5.764705882352941,4.969551282051249,6.251347610722572,-1.281796328671323,-0.795154600301692,3.210784313725485,cap,26.0
2012,1611661325,IND,34,6.0,4.939992877492874,0.5042506184747575,4.435742259018117,-1.060007122507126,3.210784313725485,cap,26.0
2012,1611661319,SAS,34,5.117647058823529,4.326388888888893,3.7023957244862515,0.6239931644026413,-0.7912581699346362,3.210784313725485,cap,26.0
2012,1611661323,CON,34,4.205882352941177,3.148682336182354,4.481440175405702,-1.3327578392233477,-1.0572000167588227,3.210784313725485,cap,26.0
2012,1611661330,ATL,34,2.823529411764706,2.3758903133903138,1.394613129526923,0.9812771838633907,-0.4476390983743923,3.210784313725485,cap,26.0
2012,1611661329,CHI,34,-0.23529411764705882,-0.2394943019943021,-2.05101021264813,1.8115159106538279,-0.004200184347243285,3.210784313725485,cap,26.0
2012,1611661328,SEA,34,-0.4117647058823529,-0.4407051282051153,-7.8330909392331804,7.392385811028065,-0.028940422322762394,3.210784313725485,cap,26.0
2012,1611661313,NYL,34,-4.147058823529412,-3.415420227920225,-3.9040593825076577,0.4886391545874327,0.7316385956091871,3.210784313725485,cap,26.0
2012,1611661321,TUL,34,-6.970588235294118,-5.596688034188035,0.17189174570639576,-5.768579779894431,1.3739002011060828,3.210784313725485,cap,26.0
2012,1611661322,WAS,34,-9.705882352941176,-8.517984330484317,-8.47258281310004,-0.04540151738427767,1.1878980224568583,3.210784313725485,cap,26.0
2012,1611661317,PHO,34,-12.235294117647058,-10.133012820512832,-1.9206240957318599,-8.212388724780972,2.102281297134226,3.210784313725485,cap,26.0
2013,1611661324,MIN,34,9.352941176470589,8.784909909909919,6.647778330133733,2.1371315797761854,-0.5680312665606699,3.2500000000000018,cap,26.0
2013,1611661320,LAS,34,6.970588235294118,5.961625086625062,5.599932994607616,0.3616920920174467,-1.0089631486690553,3.2500000000000018,cap,26.0
2013,1611661329,CHI,34,5.852941176470588,4.597366597366602,3.758996344925154,0.8383702524414476,-1.2555745791039863,3.2500000000000018,cap,26.0
2013,1611661330,ATL,34,1.5,0.7865557865557866,1.395303953980262,-0.6087481674244755,-0.7134442134442134,3.2500000000000018,cap,26.0
2013,1611661317,PHO,34,-0.5588235294117647,0.3649514899514834,4.653654038317565,-4.288702548366081,0.9237750193632481,3.2500000000000018,cap,26.0
2013,1611661322,WAS,34,0.08823529411764706,-0.16094941094940474,-0.004219342372846491,-0.15673006857655825,-0.24918470506705181,3.2500000000000018,cap,26.0
2013,1611661325,IND,34,0.35294117647058826,-0.3839223839223527,-5.3328717274768325,4.94894934355448,-0.736863560392941,3.2500000000000018,cap,26.0
2013,1611661328,SEA,34,-2.3823529411764706,-1.70157657657658,-5.351801318639469,3.6502247420628886,0.6807763645998905,3.2500000000000018,cap,26.0
2013,1611661321,TUL,34,-2.235294117647059,-1.7431566181566067,1.5494847768902247,-3.2926413950468314,0.49213749949045216,3.2500000000000018,cap,26.0
2013,1611661319,SAS,34,-5.764705882352941,-4.416753291753329,-3.349048821309701,-1.067704470443628,1.3479525905996121,3.2500000000000018,cap,26.0
2013,1611661323,CON,34,-5.823529411764706,-5.449930699930686,-4.1120025341382265,-1.3379281657924595,0.3735987118340196,3.2500000000000018,cap,26.0
2013,1611661313,NYL,34,-7.352941176470588,-6.6391198891198835,-5.455206694917474,-1.1839131942024093,0.7138212873507044,3.2500000000000018,cap,26.0
2014,1611661317,PHO,34,9.411764705882353,8.665776353276366,6.058944537662218,2.606831815614148,-0.7459883526059876,2.333333333333343,cap,26.0
2014,1611661324,MIN,34,4.470588235294118,4.33742877492877,4.186257817453936,0.1511709574748341,-0.13315946036534765,2.333333333333343,cap,26.0
2014,1611661330,ATL,34,2.0588235294117645,1.119836182336173,3.753401960029115,-2.633565777692942,-0.9389873470755914,2.333333333333343,cap,26.0
2014,1611661320,LAS,34,-0.20588235294117646,0.3837250712250686,0.3834361380158784,0.0002889332091902119,0.589607424166245,2.333333333333343,cap,26.0
2014,1611661322,WAS,34,0.4411764705882353,-0.3281695156695159,-3.1758810613875266,2.8477115457180107,-0.7693459862577512,2.333333333333343,cap,26.0
2014,1611661319,SAS,34,-1.7647058823529411,-1.0471866096866016,0.6318811596290157,-1.6790677693156173,0.7175192726663395,2.333333333333343,cap,26.0
2014,1611661325,IND,34,-0.9705882352941176,-1.2904202279202308,-3.2275883140646053,1.9371680861443745,-0.31983199262611317,2.333333333333343,cap,26.0
2014,1611661321,TUL,34,-2.088235294117647,-1.3805199430199488,4.620386906755441,-6.00090684977539,0.7077153510976983,2.333333333333343,cap,26.0
2014,1611661329,CHI,34,-2.0294117647058822,-1.9058048433048418,-0.5007978631362198,-1.405006980168622,0.12360692140104046,2.333333333333343,cap,26.0
2014,1611661323,CON,34,-1.8235294117647058,-2.199964387464364,-1.129019876595308,-1.0709445108690563,-0.37643497569965834,2.333333333333343,cap,26.0
2014,1611661313,NYL,34,-3.0588235294117645,-3.0204772079772377,-4.953069390300025,1.9325921823227876,0.038346321434526764,2.333333333333343,cap,26.0
2014,1611661328,SEA,34,-4.4411764705882355,-3.334223646723644,-6.647952014061924,3.31372836733828,1.1069528238645914,2.333333333333343,cap,26.0
2015,1611661329,CHI,34,4.0588235294117645,4.120229845229848,8.321297381238995,-4.201067536009147,0.061406315818083534,3.3921568627451,cap,26.0
2015,1611661313,NYL,34,3.323529411764706,3.5229325479325198,-1.5015448157967883,5.024477363729308,0.1994031361678137,3.3921568627451,cap,26.0
2015,1611661324,MIN,34,3.735294117647059,2.6928158928158847,0.03474611917326165,2.658069773642623,-1.0424782248311741,3.3921568627451,cap,26.0
2015,1611661322,WAS,34,2.323529411764706,2.583223608223606,-2.4168942800894984,5.000117888313104,0.2596941964588999,3.3921568627451,cap,26.0
2015,1611661325,IND,34,1.8823529411764706,2.208933933933925,2.8105882465031486,-0.6016543125692237,0.32658099275745434,3.3921568627451,cap,26.0
2015,1611661317,PHO,34,2.8529411764705883,1.8428158928158935,-0.4123021884701563,2.25511808128605,-1.0101252836546948,3.3921568627451,cap,26.0
2015,1611661321,TUL,34,0.6470588235294118,0.16752136752136515,3.027938678550476,-2.860417311029111,-0.47953745600804665,3.3921568627451,cap,26.0
2015,1611661323,CON,34,-1.6176470588235294,-0.847822822822816,-0.33875787381070666,-0.5090649490121093,0.7698242360007135,3.3921568627451,cap,26.0
2015,1611661330,ATL,34,-1.9705882352941178,-1.1708304458304184,3.3109174025608867,-4.481747848391305,0.7997577894636994,3.3921568627451,cap,26.0
2015,1611661320,LAS,34,-0.9411764705882353,-1.643670593670572,-1.6922528844386275,0.048582290768055536,-0.7024941230823367,3.3921568627451,cap,26.0
2015,1611661328,SEA,34,-5.647058823529412,-5.6824786324786345,-4.536462243108525,-1.1460163893701099,-0.035419808949222364,3.3921568627451,cap,26.0
2015,1611661319,SAS,34,-8.647058823529411,-7.793670593670612,-6.60727354231248,-1.1863970513581314,0.8533882298587994,3.3921568627451,cap,26.0
2016,1611661324,MIN,34,8.823529411764707,7.6703216374269,3.3320358187134467,4.338285818713453,-1.1532077743378064,2.2352941176470686,cap,26.0
2016,1611661320,LAS,34,7.088235294117647,6.098684210526327,0.5540296052631808,5.544654605263146,-0.9895510835913202,2.2352941176470686,cap,26.0
2016,1611661317,PHO,34,1.2941176470588236,1.0643274853800921,2.663934576023369,-1.5996070906432767,-0.22979016167873145,2.2352941176470686,cap,26.0
2016,1611661329,CHI,34,0.6176470588235294,0.8230994152046831,4.799049707602336,-3.975950292397653,0.20545235638115367,2.2352941176470686,cap,26.0
2016,1611661328,SEA,34,0.6176470588235294,0.8019005847953204,-1.0855080409356699,1.8874086257309903,0.184253525971791,2.2352941176470686,cap,26.0
2016,1611661313,NYL,34,0.7941176470588235,0.5628654970760092,-0.3722130847953373,0.9350785818713465,-0.2312521499828143,2.2352941176470686,cap,26.0
2016,1611661325,IND,34,-0.38235294117647056,-0.173976608187135,-1.4073008040935688,1.2333241959064338,0.20837633298933556,2.2352941176470686,cap,26.0
2016,1611661323,CON,34,-1.3823529411764706,-1.5350877192982404,1.1486019736842223,-2.6836896929824627,-0.15273477812176983,2.2352941176470686,cap,26.0
2016,1611661322,WAS,34,-1.4705882352941178,-1.5453216374268868,-1.368494152046786,-0.17682748538010085,-0.07473340213276902,2.2352941176470686,cap,26.0
2016,1611661330,ATL,34,-2.2058823529411766,-1.7982456140350909,0.11702302631578831,-1.9152686403508792,0.40763673890608576,2.2352941176470686,cap,26.0
2016,1611661321,DAL,34,-5.588235294117647,-4.619883040935665,1.5218293128655054,-6.141712353801171,0.9683522531819815,2.2352941176470686,cap,26.0
2016,1611661319,SAS,34,-8.205882352941176,-7.348684210526308,-9.902987938596485,2.554303728070177,0.8571981424148678,2.2352941176470686,cap,26.0
2017,1611661324,MIN,34,11.117647058823529,9.061403508771924,2.696326754385968,6.365076754385956,-2.0562435500516045,3.004901960784318,cap,26.0
2017,1611661320,LAS,34,8.323529411764707,7.2748538011695745,1.1369060672514575,6.137947733918117,-1.048675610595132,3.004901960784318,cap,26.0
2017,1611661323,CON,34,4.411764705882353,3.6959064327485365,4.537536549707603,-0.8416301169590668,-0.7158582731338168,3.004901960784318,cap,26.0
2017,1611661313,NYL,34,3.1176470588235294,2.7485380116958718,-2.336147660818746,5.084685672514618,-0.3691090471276577,3.004901960784318,cap,26.0
2017,1611661322,WAS,34,0.7352941176470589,0.44517543859649766,0.19446271929825,0.2507127192982477,-0.2901186790505612,3.004901960784318,cap,26.0
2017,1611661317,PHO,34,0.0,0.27192982456141035,0.6682565789473767,-0.3963267543859663,0.27192982456141035,3.004901960784318,cap,26.0
2017,1611661328,SEA,34,0.0,-0.35745614035085804,1.196792763157898,-1.554248903508756,-0.35745614035085804,3.004901960784318,cap,26.0
2017,1611661321,DAL,34,-2.6470588235294117,-1.8304093567251343,5.767607821637432,-7.598017178362566,0.8166494668042774,3.004901960784318,cap,26.0
2017,1611661330,ATL,34,-3.764705882352941,-3.38304093567251,-2.5269371345029072,-0.8561038011696027,0.38166494668043116,3.004901960784318,cap,26.0
2017,1611661329,CHI,34,-5.117647058823529,-4.172514619883048,1.4783260233918103,-5.650840643274858,0.9451324389404814,3.004901960784318,cap,26.0
2017,1611661319,SAS,34,-6.970588235294118,-6.2258771929824315,-7.087417763157896,0.8615405701754648,0.7447110423116863,3.004901960784318,cap,26.0
2017,1611661325,IND,34,-9.205882352941176,-7.528508771929834,-5.72571271929824,-1.802796052631594,1.6773735810113415,3.004901960784318,cap,26.0
2018,1611661328,SEA,34,7.5588235294117645,6.951023391812867,4.513011695906438,2.438011695906429,-0.6078001375988977,1.4558823529411686,cap,26.0
2018,1611661323,CON,34,5.9411764705882355,4.942982456140346,5.011595394736838,-0.06861293859649198,-0.9981940144478898,1.4558823529411686,cap,26.0
2018,1611661322,WAS,34,3.0588235294117645,2.890350877192977,-0.7147203947368537,3.605071271929831,-0.16847265221878738,1.4558823529411686,cap,26.0
2018,1611661317,PHO,34,2.5294117647058822,2.3530701754385843,3.459868421052625,-1.1067982456140406,-0.17634158926729793,1.4558823529411686,cap,26.0
2018,1611661330,ATL,34,2.2941176470588234,2.0372807017543892,-0.8193804824561353,2.8566611842105245,-0.2568369453044341,1.4558823529411686,cap,26.0
2018,1611661320,LAS,34,1.911764705882353,1.8559941520467773,-3.81106542397661,5.667059576023387,-0.05577055383557572,1.4558823529411686,cap,26.0
2018,1611661321,DAL,34,1.2941176470588236,1.1878654970760394,4.514766081871342,-3.326900584795303,-0.1062521499827842,1.4558823529411686,cap,26.0
2018,1611661324,MIN,34,0.6764705882352942,0.6717836257309933,-3.669837353801166,4.341620979532159,-0.0046869625043008956,1.4558823529411686,cap,26.0
2018,1611661319,LVA,34,-2.5,-1.9364035087718996,-0.16820175438594465,-1.768201754385955,0.5635964912281004,1.4558823529411686,cap,26.0
2018,1611661329,CHI,34,-6.323529411764706,-5.614035087719314,2.209128289473683,-7.823163377192997,0.7094943240453917,1.4558823529411686,cap,26.0
2018,1611661313,NYL,34,-7.147058823529412,-6.7192982456140395,-4.776836622807015,-1.9424616228070244,0.4277605779153726,1.4558823529411686,cap,26.0
2018,1611661325,IND,34,-9.294117647058824,-8.620614035087717,-5.748327850877199,-2.8722861842105187,0.6735036119711069,1.4558823529411686,cap,26.0
2019,1611661322,WAS,34,12.0,9.795321637426902,9.722660818713454,0.07266081871344898,-2.204678362573098,3.6029411764705834,cap,26.0
2019,1611661323,CON,34,2.8823529411764706,2.951023391812873,2.353636695906437,0.5973866959064358,0.06867045063640242,3.6029411764705834,cap,26.0
2019,1611661319,LVA,34,3.411764705882353,2.7141812865497092,3.3341739766081853,-0.619992690058476,-0.6975834193326436,3.6029411764705834,cap,26.0
2019,1611661320,LAS,34,2.823529411764706,2.4247076023391925,1.0894371345029352,1.3352704678362572,-0.3988218094255136,3.6029411764705834,cap,26.0
2019,1611661324,MIN,34,2.4705882352941178,2.1103801169590666,-0.5177266081871288,2.6281067251461954,-0.3602081183350512,3.6029411764705834,cap,26.0
2019,1611661329,CHI,34,1.2941176470588236,1.4269005847953125,6.305116959064324,-4.8782163742690114,0.13278293773648886,3.6029411764705834,cap,26.0
2019,1611661328,SEA,34,-0.29411764705882354,0.08406432748538073,-4.030884502923978,4.114948830409359,0.37818197454420427,3.6029411764705834,cap,26.0
2019,1611661317,PHO,34,-1.1176470588235294,-1.137426900584782,-2.222359283625718,1.084932383040936,-0.01977984176125247,3.6029411764705834,cap,26.0
2019,1611661325,IND,34,-2.7058823529411766,-2.170321637426876,-0.9054733187134438,-1.2648483187134323,0.5355607155143005,3.6029411764705834,cap,26.0
2019,1611661321,DAL,34,-5.794117647058823,-5.084795321637424,-7.112710160818712,2.0279148391812885,0.7093223254213994,3.6029411764705834,cap,26.0
2019,1611661313,NYL,34,-7.323529411764706,-6.301900584795359,-0.5545961257310283,-5.74730445906433,1.021628826969347,3.6029411764705834,cap,26.0
2019,1611661330,ATL,34,-7.647058823529412,-6.812134502923976,-7.46127558479532,0.6491410818713446,0.8349243206054364,3.6029411764705834,cap,26.0
2020,1611661328,SEA,22,11.545454545454545,9.50000000000001,3.3333333333333393,6.166666666666671,-2.0454545454545343,0.5984848484848531,cap,26.0
2020,1611661319,LVA,22,8.590909090909092,7.708333333333332,5.362499999999997,2.3458333333333345,-0.8825757575757596,0.5984848484848531,cap,26.0
2020,1611661320,LAS,22,4.590909090909091,4.208333333333334,1.6125000000000043,2.59583333333333,-0.3825757575757569,0.5984848484848531,cap,26.0
2020,1611661324,MIN,22,3.8181818181818183,3.333333333333342,1.049999999999999,2.283333333333343,-0.4848484848484764,0.5984848484848531,cap,26.0
2020,1611661329,CHI,22,2.6363636363636362,2.416666666666659,3.7916666666666625,-1.3750000000000036,-0.21969696969697727,0.5984848484848531,cap,26.0
2020,1611661317,PHO,22,2.0,1.708333333333326,3.1374999999999975,-1.4291666666666716,-0.29166666666667407,0.5984848484848531,cap,26.0
2020,1611661323,CON,22,0.45454545454545453,0.4166666666666652,-3.008333333333332,3.424999999999997,-0.037878787878789344,0.5984848484848531,cap,26.0
2020,1611661322,WAS,22,-1.5454545454545454,-1.4166666666666656,-3.224999999999999,1.8083333333333336,0.12878787878787978,0.5984848484848531,cap,26.0
2020,1611661321,DAL,22,-3.5454545454545454,-3.249999999999992,0.708333333333333,-3.958333333333325,0.2954545454545534,0.5984848484848531,cap,26.0
2020,1611661330,ATL,22,-6.681818181818182,-5.4999999999999964,-1.3916666666666675,-4.108333333333329,1.1818181818181852,0.5984848484848531,cap,26.0
2020,1611661325,IND,22,-7.863636363636363,-7.2083333333333295,-0.7958333333333281,-6.412500000000001,0.6553030303030338,0.5984848484848531,cap,26.0
2020,1611661313,NYL,22,-14.0,-11.916666666666666,-10.575000000000001,-1.341666666666665,2.083333333333334,0.5984848484848531,cap,26.0
2021,1611661323,CON,32,9.8125,8.748366013071882,-2.013912231559296,10.762278244631178,-1.064133986928118,0.3541666666666732,cap,26.0
2021,1611661319,LVA,32,9.0625,7.8676470588235565,8.448109243697502,-0.5804621848739453,-1.1948529411764435,0.3541666666666732,cap,26.0
2021,1611661328,SEA,32,4.4375,3.8071895424836484,3.8154995331465713,-0.008309990662922928,-0.6303104575163516,0.3541666666666732,cap,26.0
2021,1611661324,MIN,32,4.0,3.48202614379087,1.8779178338001934,1.6041083099906768,-0.5179738562091298,0.3541666666666732,cap,26.0
2021,1611661317,PHO,32,2.5625,2.555555555555576,1.4498015873015895,1.1057539682539863,-0.006944444444424214,0.3541666666666732,cap,26.0
2021,1611661329,CHI,32,1.3125,1.1290849673202832,2.701447245564907,-1.5723622782446238,-0.18341503267971682,0.3541666666666732,cap,26.0
2021,1611661321,DAL,32,-0.53125,-0.21650326797390207,0.6804388422035172,-0.8969421101774193,0.31474673202609793,0.3541666666666732,cap,26.0
2021,1611661322,WAS,32,-3.84375,-3.4444444444444375,-0.5668650793650745,-2.877579365079363,0.39930555555556246,0.3541666666666732,cap,26.0
2021,1611661320,LAS,32,-4.34375,-4.054738562091478,-8.317845471521936,4.263106909430459,0.28901143790852224,0.3541666666666732,cap,26.0
2021,1611661330,ATL,32,-5.625,-5.3676470588235405,-1.6028711484593865,-3.764775910364154,0.25735294117645946,0.3541666666666732,cap,26.0
2021,1611661313,NYL,32,-7.03125,-6.084150326797371,-1.7992180205415345,-4.284932306255836,0.9470996732026293,0.3541666666666732,cap,26.0
2021,1611661325,IND,32,-9.8125,-8.422385620915094,-4.672502334267064,-3.7498832866480303,1.3901143790849062,0.3541666666666732,cap,26.0
2022,1611661323,CON,36,8.027777777777779,7.080233351253882,2.9335820855771626,4.146651265676719,-0.9475444265238968,0.8657407407407369,cap,26.0
2022,1611661319,LVA,36,6.361111111111111,5.643343884518453,8.292796454299303,-2.64945256978085,-0.7177672265926578,0.8657407407407369,cap,26.0
2022,1611661329,CHI,36,5.0,4.676230849690432,4.160710844570616,0.5155200051198161,-0.3237691503095679,0.8657407407407369,cap,26.0
2022,1611661322,WAS,36,4.361111111111111,3.811660888201313,-2.7378929217526915,6.549553809954005,-0.5494502229097975,0.8657407407407369,cap,26.0
2022,1611661328,SEA,36,4.111111111111111,3.4732375680706955,-0.46625474889036056,3.939492316961056,-0.6378735430404152,0.8657407407407369,cap,26.0
2022,1611661321,DAL,36,0.19444444444444445,0.16707582224268958,0.7540040366396425,-0.586928214396953,-0.027368622201754872,0.8657407407407369,cap,26.0
2022,1611661324,MIN,36,-1.4722222222222223,-1.3541545520043465,0.20949200632137632,-1.5636465583257229,0.11806767021787579,0.8657407407407369,cap,26.0
2022,1611661313,NYL,36,-2.388888888888889,-1.5188911015291087,-2.321503112466335,0.8026120109372261,0.8699977873597802,0.8657407407407369,cap,26.0
2022,1611661317,PHO,36,-3.0,-2.9286089807591553,-1.1560084528378036,-1.7726005279213517,0.07139101924084468,0.8657407407407369,cap,26.0
2022,1611661330,ATL,36,-3.0,-2.9932171605791527,-3.8314365404733226,0.83821937989417,0.006782839420847342,0.8657407407407369,cap,26.0
2022,1611661320,LAS,36,-7.111111111111111,-6.028671519846105,-2.411807073309926,-3.6168644465361783,1.0824395912650058,0.8657407407407369,cap,26.0
2022,1611661325,IND,36,-11.083333333333334,-10.02823904925959,-3.425682577677669,-6.60255647158192,1.0550942840737445,0.8657407407407369,cap,26.0
2023,1611661319,LVA,40,12.55,11.070895057270166,9.659451148575227,1.4114439086949382,-1.479104942729835,1.63333333333334,cap,26.0
2023,1611661313,NYL,40,8.675,7.450970329711517,6.071331846344879,1.3796384833666373,-1.224029670288484,1.63333333333334,cap,26.0
2023,1611661323,CON,40,3.7,3.54063173747201,-0.42974574196803683,3.970377479440047,-0.1593682625279902,1.63333333333334,cap,26.0
2023,1611661321,DAL,40,2.95,2.2930584311018958,5.282403330488549,-2.989344899386653,-0.6569415688981044,1.63333333333334,cap,26.0
2023,1611661322,WAS,40,-0.35,-0.29606076898798106,-2.431103578209584,2.135042809221603,0.05393923101201892,1.63333333333334,cap,26.0
2023,1611661330,ATL,40,-1.475,-0.9815878098233801,0.10756242908704738,-1.0891502389104275,0.49341219017661997,1.63333333333334,cap,26.0
2023,1611661329,CHI,40,-1.625,-1.5417945281696541,-0.8269810845262366,-0.7148134436434175,0.08320547183034588,1.63333333333334,cap,26.0
2023,1611661320,LAS,40,-1.625,-1.610758689499869,-4.21187765531171,2.601118965811841,0.01424131050013111,1.63333333333334,cap,26.0
2023,1611661325,IND,40,-4.05,-3.8221589602024464,-1.4910638707280013,-2.331095089474445,0.22784103979755344,1.63333333333334,cap,26.0
2023,1611661324,MIN,40,-4.825,-3.8552619823347936,-2.102953787426742,-1.7523081949080517,0.9697380176652066,1.63333333333334,cap,26.0
2023,1611661328,SEA,40,-5.625,-4.578200549964961,-3.605251095196777,-0.9729494547681847,1.0467994500350386,1.63333333333334,cap,26.0
2023,1611661317,PHO,40,-8.3,-7.66973226657251,-6.021771941128614,-1.6479603254438953,0.6302677334274911,1.63333333333334,cap,26.0
2024,1611661313,NYL,40,9.15,7.266193323470444,2.8983811685655736,4.36781215490487,-1.8838066765295567,0.7999999999999936,cap,26.0
2024,1611661324,MIN,40,6.375,5.6888068035229145,-0.42662772009622163,6.115434523619136,-0.6861931964770855,0.7999999999999936,cap,26.0
2024,1611661323,CON,40,6.5,5.562833500186712,-2.440532952758324,8.003366452945036,-0.937166499813288,0.7999999999999936,cap,26.0
2024,1611661319,LVA,40,5.475,4.796328950484882,4.308709526840272,0.48761942364460964,-0.6786710495151178,0.7999999999999936,cap,26.0
2024,1611661328,SEA,40,4.475,3.749139160162362,0.804900219388033,2.944238940774329,-0.7258608398376376,0.7999999999999936,cap,26.0
2024,1611661325,IND,40,-2.675,-1.7415802702125802,4.453653132738931,-6.195233402951511,0.9334197297874196,0.7999999999999936,cap,26.0
2024,1611661330,ATL,40,-2.75,-2.3962039623487392,-4.624635311405508,2.228431349056769,0.3537960376512608,0.7999999999999936,cap,26.0
2024,1611661322,WAS,40,-2.975,-2.471296682643516,-1.906161290880513,-0.5651353917630031,0.503703317356484,0.7999999999999936,cap,26.0
2024,1611661317,PHO,40,-3.3,-2.946781146867318,0.17367377007790186,-3.12045491694522,0.35321885313268186,0.7999999999999936,cap,26.0
2024,1611661329,CHI,40,-5.125,-4.3949459084523035,-4.155704746260158,-0.23924116219214575,0.7300540915476965,0.7999999999999936,cap,26.0
2024,1611661320,LAS,40,-7.225,-6.113544844916891,-2.6928141299763704,-3.420730714940521,1.1114551550831084,0.7999999999999936,cap,26.0
2024,1611661321,DAL,40,-7.925,-6.9989489223859485,3.6071583337663933,-10.606107256152342,0.9260510776140514,0.7999999999999936,cap,26.0
2025,1611661324,MIN,44,9.409090909090908,7.765227779073351,3.437799871339072,4.327427907734279,-1.6438631300175572,2.5699300699300913,cap,26.0
2025,1611661330,ATL,44,7.590909090909091,6.151988242502779,1.8586300093490316,4.293358233153747,-1.4389208484063118,2.5699300699300913,cap,26.0
2025,1611661313,NYL,44,4.068181818181818,3.2824378113010155,2.5832354697861692,0.6992023415148463,-0.7857440068808028,2.5699300699300913,cap,26.0
2025,1611661319,LVA,44,2.909090909090909,3.1525320941539503,2.114881824687516,1.0376502694664342,0.24344118506304113,2.5699300699300913,cap,26.0
2025,1611661325,IND,44,3.3636363636363638,2.476825230958659,2.7398095058909107,-0.2629842749322515,-0.8868111326777046,2.5699300699300913,cap,26.0
2025,1611661317,PHO,44,2.6818181818181817,2.2652277790733533,0.7877998713390673,1.477427907734286,-0.4165904027448284,2.5699300699300913,cap,26.0
2025,1611661328,SEA,44,2.0454545454545454,1.488762684858985,0.07507695264652803,1.413685732212457,-0.5566918605955604,2.5699300699300913,cap,26.0
2025,1611661331,GSV,44,1.3863636363636365,1.2078467726736237,-4.5628410483945805,5.770687821068204,-0.17851686369001274,2.5699300699300913,cap,26.0
2025,1611661320,LAS,44,-2.5681818181818183,-2.058936822750243,4.689782645736587,-6.74871946848683,0.5092449954315752,2.5699300699300913,cap,26.0
2025,1611661322,WAS,44,-4.431818181818182,-3.9870801113394485,-4.527710863311988,0.5406307519725395,0.44473807047873315,2.5699300699300913,cap,26.0
2025,1611661321,DAL,44,-6.295454545454546,-5.139372898711802,0.7916444403623286,-5.93101733907413,1.1560816467427442,2.5699300699300913,cap,26.0
2025,1611661329,CHI,44,-10.045454545454545,-8.232791804151372,-5.028583371068591,-3.2042084330827807,1.812662741303173,2.5699300699300913,cap,26.0
2025,1611661323,CON,44,-10.113636363636363,-8.372666757642826,-4.959525308362036,-3.413141449280789,1.7409696059935378,2.5699300699300913,cap,26.0
